From,To,Volume,Cost,P
1,547,4989.13,0.0345068,1
2,548,6719.41,0.0345068,1
3,549,10095.53,0.0345068,1
4,550,9444.62,0.0345068,1
5,551,17223.82,0.0345068,1
6,552,6446.03,0.0345068,1
7,553,9884.28,0.0345068,1
8,554,9252.3,0.0345068,1
9,555,6699.45,0.0345068,1
10,556,13823.65,0.0345068,1
11,557,10551.06,0.0345068,1
12,558,6985.78,0.0345068,1
13,559,9401.48,0.0345068,1
14,560,14763.69,0.0345068,1
15,561,8934.72,0.0345068,1
16,562,10301.01,0.0345068,1
17,563,9098.55,0.0345068,1
18,564,9300.74,0.0345068,1
19,565,2624.61,0.0345068,1
20,566,7707.95,0.0345068,1
21,567,4696.17,0.0345068,1
22,568,3370.82,0.0345068,1
23,569,12667.83,0.0345068,1
24,570,6010.92,0.0345068,1
25,571,5993.21,0.0345068,1
26,572,12936.83,0.0345068,1
27,573,7749.49,0.0345068,1
28,574,8700.36,0.0345068,1
29,575,14581.24,0.0345068,1
30,576,5416.97,0.0345068,1
31,577,7838.86,0.0345068,1
32,578,7900.65,0.0345068,1
33,579,4727.45,0.0345068,1
34,580,6460.14,0.0345068,1
35,581,5145.61,0.0345068,1
36,582,6100.87,0.0345068,1
37,583,1148.81,0.0345068,1
38,584,2228.48,0.0345068,1
39,585,6737.86,0.0345068,1
40,586,1866.66,0.0345068,1
41,587,8069.74,0.0345068,1
42,588,2120.7,0.0345068,1
43,589,5257.64,0.0345068,1
44,590,7128.54,0.0345068,1
45,591,6238.19,0.0345068,1
46,592,6568.32,0.0345068,1
47,593,2892.16,0.0345068,1
48,594,4978.07,0.0345068,1
49,595,3495.58,0.0345068,1
50,596,4758,0.0345068,1
51,597,1577.3,0.0345068,1
52,598,2041.28,0.0345068,1
53,599,4665.33,0.0345068,1
54,600,1259.87,0.0345068,1
55,601,1778.42,0.0345068,1
56,602,4297.13,0.0345068,1
57,603,1646.85,0.0345068,1
58,604,5962.5,0.0345068,1
59,605,5225.8,0.0345068,1
60,606,5148.46,0.0345068,1
61,607,5264.46,0.0345068,1
62,608,5472.5,0.0345068,1
63,609,3718.92,0.0345068,1
64,610,9104.31,0.0345068,1
65,611,3468.09,0.0345068,1
66,612,6193.35,0.0345068,1
67,613,3858.59,0.0345068,1
68,614,6526.75,0.0345068,1
69,615,6270.57,0.0345068,1
70,616,4480.42,0.0345068,1
71,617,3979.92,0.0345068,1
72,618,7296.66,0.0345068,1
73,619,7675.9,0.0345068,1
74,620,2642.72,0.0345068,1
75,621,2685.23,0.0345068,1
76,622,5958.85,0.0345068,1
77,623,7998.54,0.0345068,1
78,624,6831.44,0.0345068,1
79,625,3838.33,0.0345068,1
80,626,10315.78,0.0345068,1
81,627,8352.05,0.0345068,1
82,628,5765.21,0.0345068,1
83,629,4294.91,0.0345068,1
84,630,6438.08,0.0345068,1
85,631,13283.46,0.0345068,1
86,632,5293.37,0.0345068,1
87,633,5977.54,0.0345068,1
88,634,4579.16,0.0345068,1
89,635,2370.39,0.0345068,1
90,636,2212.55,0.0345068,1
91,637,7079.22,0.0345068,1
92,638,1746.5,0.0345068,1
93,639,4363.86,0.0345068,1
94,640,471.02,0.0345068,1
95,641,2752.81,0.0345068,1
96,642,587.41,0.0345068,1
97,643,6304.83,0.0345068,1
98,644,8436.92,0.0345068,1
99,645,4527.16,0.0345068,1
100,646,3592.63,0.0345068,1
101,647,3144.71,0.0345068,1
102,648,3681.72,0.0345068,1
103,649,1743.13,0.0345068,1
104,650,3100.18,0.0345068,1
105,651,983.63,0.0345068,1
106,652,3859.91,0.0345068,1
107,653,3630.97,0.0345068,1
108,654,3769.1,0.0345068,1
109,655,3028.1,0.0345068,1
110,656,5660.6,0.0345068,1
111,657,5463.48,0.0345068,1
112,658,3659.23,0.0345068,1
113,659,3784.73,0.0345068,1
114,660,2147.45,0.0345068,1
115,661,4043.61,0.0345068,1
116,662,2374.71,0.0345068,1
117,663,824.08,0.0345068,1
118,664,4286.07,0.0345068,1
119,665,1278.87,0.0345068,1
120,666,1507.37,0.0345068,1
121,667,3785.82,0.0345068,1
122,668,1943.73,0.0345068,1
123,669,4281.93,0.0345068,1
124,670,1800.85,0.0345068,1
125,671,2224.15,0.0345068,1
126,672,507.29,0.0345068,1
127,673,2137.82,0.0345068,1
128,674,864.15,0.0345068,1
129,675,3848.75,0.0345068,1
130,676,2993.41,0.0345068,1
131,677,5005.8,0.0345068,1
132,678,3968.5,0.0345068,1
133,679,5192.12,0.0345068,1
134,680,3356.65,0.0345068,1
135,681,5479.75,0.0345068,1
136,682,6391.22,0.0345068,1
137,683,2348.41,0.0345068,1
138,684,1466.59,0.0345068,1
139,685,1631.54,0.0345068,1
140,686,1097.23,0.0345068,1
141,687,5293.44,0.0345068,1
142,688,5106.13,0.0345068,1
143,689,4074.25,0.0345068,1
144,690,3079.56,0.0345068,1
145,691,7191.34,0.0345068,1
146,692,6930.25,0.0345068,1
147,693,6262.2,0.0345068,1
148,694,6643.95,0.0345068,1
149,695,4165.68,0.0345068,1
150,696,1467.5,0.0345068,1
151,697,1718.33,0.0345068,1
152,698,2461.4,0.0345068,1
153,699,4432.8,0.0345068,1
154,700,5126.12,0.0345068,1
155,701,4469.1,0.0345068,1
156,702,4347.7,0.0345068,1
157,703,5850.4,0.0345068,1
158,704,6246.55,0.0345068,1
159,705,4582.57,0.0345068,1
160,706,5079.87,0.0345068,1
161,707,1761.8,0.0345068,1
162,708,642.7,0.0345068,1
163,709,417.93,0.0345068,1
164,710,2482.86,0.0345068,1
165,711,461.78,0.0345068,1
166,712,2412.98,0.0345068,1
167,713,1155.62,0.0345068,1
168,714,264.04,0.0345068,1
169,715,559.09,0.0345068,1
170,716,5259.08,0.0345068,1
171,717,1094.69,0.0345068,1
172,718,3031.33,0.0345068,1
173,719,605.11,0.0345068,1
174,720,331.34,0.0345068,1
175,721,1238.69,0.0345068,1
176,722,808.62,0.0345068,1
177,723,420.73,0.0345068,1
178,724,2566.03,0.0345068,1
179,725,1755.87,0.0345068,1
180,726,298.39,0.0345068,1
181,727,646.97,0.0345068,1
182,728,2277.01,0.0345068,1
183,729,1200.82,0.0345068,1
184,730,1465.93,0.0345068,1
185,731,949.58,0.0345068,1
186,732,465.52,0.0345068,1
187,733,939.16,0.0345068,1
188,734,3028.51,0.0345068,1
189,735,3603.24,0.0345068,1
190,736,4935.73,0.0345068,1
191,737,3814.16,0.0345068,1
192,738,1246.07,0.0345068,1
193,739,153.9,0.0345068,1
194,740,1290.23,0.0345068,1
195,741,898.9,0.0345068,1
196,742,726.61,0.0345068,1
197,743,736.44,0.0345068,1
198,744,2458.04,0.0345068,1
199,745,2992.59,0.0345068,1
200,746,2581.7,0.0345068,1
201,747,1119.27,0.0345068,1
202,748,1663.53,0.0345068,1
203,749,1544.79,0.0345068,1
204,750,1974.16,0.0345068,1
205,751,2040.23,0.0345068,1
206,752,708.4,0.0345068,1
207,753,2007.85,0.0345068,1
208,754,1498.44,0.0345068,1
209,755,4461.61,0.0345068,1
210,756,6121.12,0.0345068,1
211,757,2102.28,0.0345068,1
212,758,502.12,0.0345068,1
213,759,126.52,0.0345068,1
214,760,1431.55,0.0345068,1
215,761,206.38,0.0345068,1
216,762,1295.57,0.0345068,1
217,763,1746.9,0.0345068,1
218,764,1363.28,0.0345068,1
219,765,4045.68,0.0345068,1
220,766,4393.47,0.0345068,1
221,767,2514.07,0.0345068,1
222,768,2874.95,0.0345068,1
223,769,857.32,0.0345068,1
224,770,1427.07,0.0345068,1
225,771,1073.85,0.0345068,1
226,772,2127.05,0.0345068,1
227,773,1039.26,0.0345068,1
228,774,2222.68,0.0345068,1
229,775,2353,0.0345068,1
230,776,3012.15,0.0345068,1
231,777,3206.53,0.0345068,1
232,778,3918.54,0.0345068,1
233,779,4034.17,0.0345068,1
234,780,946.65,0.0345068,1
235,781,242.1,0.0345068,1
236,782,372.76,0.0345068,1
237,783,818.47,0.0345068,1
238,784,302.22,0.0345068,1
239,785,536.33,0.0345068,1
240,786,339.32,0.0345068,1
241,787,1210.35,0.0345068,1
242,788,365.56,0.0345068,1
243,789,617.43,0.0345068,1
244,790,1914.59,0.0345068,1
245,791,907.96,0.0345068,1
246,792,1198.45,0.0345068,1
247,793,1054.25,0.0345068,1
248,794,377.99,0.0345068,1
249,795,2428.98,0.0345068,1
250,796,614.46,0.0345068,1
251,797,284.22,0.0345068,1
252,798,661.43,0.0345068,1
253,799,1412.14,0.0345068,1
254,800,931.13,0.0345068,1
255,801,303.36,0.0345068,1
256,802,488.35,0.0345068,1
257,803,1509.3,0.0345068,1
258,804,1721.65,0.0345068,1
259,805,3051.78,0.0345068,1
260,806,1552.8,0.0345068,1
261,807,1279.65,0.0345068,1
262,808,1412.71,0.0345068,1
263,809,952.35,0.0345068,1
264,810,343.12,0.0345068,1
265,811,127.68,0.0345068,1
266,812,136.32,0.0345068,1
267,813,3204.09,0.0345068,1
268,814,1973.38,0.0345068,1
269,815,1385.02,0.0345068,1
270,816,1044.27,0.0345068,1
271,817,470.37,0.0345068,1
272,818,579.33,0.0345068,1
273,819,1450.96,0.0345068,1
274,820,198.1,0.0345068,1
275,821,1335.31,0.0345068,1
276,822,547.15,0.0345068,1
277,823,1442.35,0.0345068,1
278,824,1129.8,0.0345068,1
279,825,1357.68,0.0345068,1
280,826,677.39,0.0345068,1
281,827,358.8,0.0345068,1
282,828,200.75,0.0345068,1
283,829,2015.68,0.0345068,1
284,830,463.53,0.0345068,1
285,831,666.98,0.0345068,1
286,832,302.77,0.0345068,1
287,833,3515.18,0.0345068,1
288,834,5301.06,0.0345068,1
289,835,1088.32,0.0345068,1
290,836,854.68,0.0345068,1
291,837,816.03,0.0345068,1
292,838,725.78,0.0345068,1
293,839,623.8,0.0345068,1
294,840,686.65,0.0345068,1
295,841,841.94,0.0345068,1
296,842,1250.26,0.0345068,1
297,843,914.27,0.0345068,1
298,844,503.65,0.0345068,1
299,845,916.1,0.0345068,1
300,846,408.64,0.0345068,1
301,847,517.52,0.0345068,1
302,848,245.97,0.0345068,1
303,849,1596.83,0.0345068,1
304,850,655.43,0.0345068,1
305,851,1378.39,0.0345068,1
306,852,212.46,0.0345068,1
307,853,339.77,0.0345068,1
308,854,334.28,0.0345068,1
309,855,934.64,0.0345068,1
310,856,101.96,0.0345068,1
311,857,105.75,0.0345068,1
312,858,517.31,0.0345068,1
313,859,223.82,0.0345068,1
314,860,498.87,0.0345068,1
315,861,85.96,0.0345068,1
316,862,747.15,0.0345068,1
317,863,181.85,0.0345068,1
318,864,1006.29,0.0345068,1
319,865,993.22,0.0345068,1
320,866,2892.83,0.0345068,1
321,867,391.81,0.0345068,1
322,868,563.96,0.0345068,1
323,869,150.39,0.0345068,1
324,870,202.41,0.0345068,1
325,871,104.28,0.0345068,1
326,872,123.6,0.0345068,1
327,873,61.68,0.0345068,1
328,874,565.55,0.0345068,1
329,875,664.71,0.0345068,1
330,876,240.89,0.0345068,1
331,877,1431.9,0.0345068,1
332,878,893.26,0.0345068,1
333,879,81.21,0.0345068,1
334,880,176.12,0.0345068,1
335,881,572.12,0.0345068,1
336,882,57.25,0.0345068,1
337,883,72.06,0.0345068,1
338,884,332.98,0.0345068,1
339,885,108.84,0.0345068,1
340,886,595.99,0.0345068,1
341,887,90.26,0.0345068,1
342,888,283.7,0.0345068,1
343,889,134.72,0.0345068,1
344,890,143.51,0.0345068,1
345,891,559.09,0.0345068,1
346,892,2350.05,0.0345068,1
347,893,336.22,0.0345068,1
348,894,373.53,0.0345068,1
349,895,147.2,0.0345068,1
350,896,220.11,0.0345068,1
351,897,1808.79,0.0345068,1
352,898,635.16,0.0345068,1
353,899,308.99,0.0345068,1
354,900,244.47,0.0345068,1
355,901,214.17,0.0345068,1
356,902,13757.49,0.0345068,1
357,903,11567.12,0.0345068,1
358,904,4112.35,0.0345068,1
359,905,5339.23,0.0345068,1
360,906,4187.49,0.0345068,1
361,907,951.47,0.0345068,1
362,908,2617.38,0.0345068,1
363,909,557.52,0.0345068,1
364,910,512.17,0.0345068,1
365,911,878.67,0.0345068,1
366,912,187.5,0.0345068,1
367,913,2492.67,0.0345068,1
368,914,1177.93,0.0345068,1
369,915,309.67,0.0345068,1
370,916,606.67,0.0345068,1
371,917,586.49,0.0345068,1
372,918,637.18,0.0345068,1
373,919,1254.53,0.0345068,1
374,920,1520.75,0.0345068,1
375,921,921.25,0.0345068,1
376,922,5561.29,0.0345068,1
377,923,1661,0.0345068,1
378,924,189,0.0345068,1
379,925,1280,0.0345068,1
380,926,484,0.0345068,1
381,927,1903,0.0345068,1
382,928,1555,0.0345068,1
383,929,724,0.0345068,1
384,930,0,0.0345068,1
385,931,157,0.0345068,1
386,932,22,0.0345068,1
387,933,5837,0.0345068,1
388,390,1511.7,11.62976327,1
388,391,1959.43,6.322400056,1
388,708,218.11,2.972607928,1
388,802,274.86,4.957302967,1
389,390,199.21,4.52904764,1
389,801,125.53,9.880396735,1
389,914,269.44,4.092156145,1
390,388,1446.21,11.62036467,0.9
390,389,131.7,4.52821825,1
390,925,1413,7.240021869,1
391,388,1609,6.27435029,1
391,392,2914.31,4.706628778,1
391,709,627.08,0.580924966,1
391,715,511.6,6.549461636,1
392,391,1903.72,4.457752345,1
392,393,4023.007751,3.325694947,0.9
392,713,1161.32874,1.403484581,1
392,717,662.7,3.130399926,1
393,392,2868.88,2.830690381,1
393,394,5386.728259,4.235558788,1
393,712,2396.075038,2.814703307,1
393,716,3038.241892,2.053797504,1
394,393,3286.565877,3.640228978,1
394,395,4806.197275,2.820220937,1
394,584,558.9587031,6.325255972,1
394,601,666.9804593,2.603688323,1
395,394,2710.45,2.541659527,1
395,396,5624.92251,4.661229611,1
395,584,1068.01752,4.040000598,1
395,600,2179.059541,1.423837875,1
396,395,2514.34,3.819299446,1
396,397,5624.92251,2.695061866,1
397,396,2514.34,2.208357031,1
397,398,7113.880255,3.897697125,1
397,588,1774.12,3.175444514,1
397,604,3836.053302,1.837470872,1
398,397,4863.603302,2.764015707,1
398,399,7003.439929,1.160830145,1
398,400,3372.943518,2.211181019,1
398,403,7319.326148,3.493855622,1
399,398,4331.782355,0.805964148,1
399,537,6229.823658,5.984616414,1
399,604,3992.221057,3.440656434,1
399,609,7844.242642,1.142714521,1
400,398,5275.680328,2.325584144,1
400,401,2158.67629,4.249536166,1
400,587,1214.267228,5.511851355,1
400,609,0,6.8203076,1
401,400,4084.494555,4.501425692,1
401,402,0,1.750016,1
401,585,4301.166448,1.807359895,1
401,590,6671.175679,2.313746728,1
402,401,0,1.750016,1
403,398,5837.969959,3.30240678,1
403,404,7540.550834,4.265842207,1
403,606,1630.6,3.483011176,1
403,611,2025.340891,3.179181926,1
404,403,6323.059943,3.818070398,1
404,405,8560.333665,2.439885324,1
404,675,1894.153096,3.20835328,1
404,680,7099.628496,1.863334015,1
405,404,7785.425986,2.012508669,1
405,406,2293.016904,2.634252924,1
405,488,6267.316761,1.422103317,1
406,405,3832.626043,2.748480352,1
406,407,3567.556543,3.56070785,1
406,677,2522.536904,2.18279057,1
406,682,3671.71417,3.362786861,1
407,406,4761.688707,3.840422052,1
407,408,5004.366777,3.856958875,1
407,687,3989.217297,1.779217023,1
407,692,6988.4368,3.063295113,1
408,407,5713.002563,4.198660334,1
408,409,2927.306197,2.284821063,1
408,689,1366.53,2.303575746,1
408,694,3302.61058,4.547467614,1
409,408,3693.446774,2.343495441,1
409,410,3676.961914,4.245622753,1
409,538,4306.955437,1.647729197,1
409,539,7052.931058,4.66065118,1
410,409,5576.763219,4.985502968,1
410,411,3660.714714,3.327920026,1
410,690,1606.942783,3.193767181,1
410,700,3226.926419,2.223510793,1
411,410,4918.768877,4.431185283,1
411,412,3347.522003,3.190195531,1
411,685,3842.08,3.233433599,1
411,695,3636.632915,1.086527568,1
412,411,4502.558049,3.96907696,1
412,413,3347.522003,3.052520334,1
413,412,4502.558049,3.797165217,1
413,414,2913.12,2.920951291,1
413,730,2663.96,3.57566648,1
413,734,2971.732003,0.704586398,1
414,413,4179.028965,3.531116281,1
414,415,545.58,4.275313109,1
414,731,1275.29,3.426723029,1
414,735,2842.16,0.600695826,1
415,414,1156.13,4.282271998,1
415,416,744.35,5.917938246,1
415,727,435.23,4.969958161,1
415,733,804.5,3.081513546,1
416,415,1591.59,5.952567031,1
416,417,681.28,5.374871793,1
416,726,186.14,1.621820932,1
416,732,60.47,5.438055462,1
417,416,1442.75,5.396067205,1
417,732,240.35,10.16792002,1
417,913,575.77,3.575463396,1
417,926,371,6.550925515,1
418,419,3647.465662,5.714128461,1
418,921,805.94,3.968786753,1
418,922,1202.372038,5.033582964,1
418,923,1517,9.407081791,1
419,418,1794.27,5.503372305,1
419,420,4493.735662,5.100029781,1
419,739,330.31,5.208297421,1
419,743,256.0913195,1.505290714,1
420,419,2129.29,4.68461171,1
420,421,4941.213066,3.879532637,1
420,751,1217.98,2.680513697,1
420,752,1508.472596,1.732382075,1
421,420,2247.81,3.428993512,1
421,422,5482.391226,4.425438095,1
421,753,2251.998521,1.225623451,1
421,754,1025.13,2.963014201,1
422,421,2251.275931,3.681839703,1
422,423,6577.998011,4.619829156,1
422,762,1339.007525,1.313910255,1
422,766,1071.184125,4.444967668,1
423,422,3045.153456,3.286527278,1
423,424,6291.60789,4.84384866,1
423,764,1979.829333,2.010601793,1
423,767,843.89,4.530229154,1
424,423,3034.043456,3.623718564,1
424,425,6449.028678,4.806799679,1
424,773,1069.51984,1.582426721,1
424,777,1097.65,4.663206779,1
425,424,3146.053456,3.510527822,1
425,426,7059.698678,2.790854928,1
425,775,1753.85016,2.91141902,1
425,779,2679.62222,2.264807917,0.9
426,425,4361.623456,1.919962761,1
426,427,4322.81,1.535633958,1
426,441,4913.954939,5.670604761,1
427,426,4045.322544,1.445327594,1
427,428,3630.744554,4.237640458,1
427,594,4743.858155,1.505028096,1
427,779,1790.91778,2.754675929,1
428,427,2618.628991,3.794194081,1
428,429,1949.88,0.818550553,1
428,431,5854.574554,1.371433846,1
429,428,3514.622709,0.926247553,1
429,430,0,0.6540312,1
429,593,1678.167291,2.431611657,1
429,778,2493.04,2.874868351,1
430,429,0,0.6540312,1
431,428,3277.716282,1.107001121,1
431,432,6678.074554,5.329027776,1
431,593,2696.5,1.336622025,1
431,597,524.98,3.007271114,1
432,431,5222.946282,4.277496054,1
432,433,6303.318452,3.707826072,1
432,595,1652.955472,3.235272847,1
432,599,3869.337856,1.501595461,1
433,432,5135.795472,3.152656302,1
433,434,6105.057714,3.213981755,1
433,616,4409.223906,3.535640373,1
433,617,1550.932043,1.53073303,1
434,433,5029.036563,2.791243116,1
434,435,5500.356611,3.848629728,1
434,618,1875.246094,4.2479744,1
434,619,7479.227821,0.721975329,1
435,434,5171.576563,3.70127422,1
435,436,6595.796611,2.863560533,1
435,552,5967.093847,1.35513502,1
435,554,3624.346459,4.248480424,1
436,435,6625.287909,2.87926343,1
436,437,7425.640255,5.437721826,1
436,496,14062.60798,1.970093074,1
437,436,7466.811365,5.487982286,1
437,438,6664.289573,6.251855698,1
437,554,5225.943324,0.932437867,1
437,556,2084.566183,7.392302264,1
438,437,6673.113941,6.262256798,1
438,439,4373.961462,2.698665089,1
438,535,4525.563172,8.741610901,1
438,536,6137.209727,2.90278858,1
438,540,5205.845838,2.973634154,1
439,438,5381.05504,2.970778936,1
439,440,5632.309431,3.233771463,1
439,614,4874.145487,2.991203524,1
439,615,6106.210459,2.283214426,1
440,439,6810.632332,3.929136046,1
440,441,4080.682674,2.902654675,1
440,612,2353.87,3.493329364,1
440,613,2316.90567,2.422388466,1
441,426,2493.367173,5.040813052,1
441,440,5627.16424,3.360516204,1
441,591,4605.073289,3.430892777,1
441,596,8066.71347,1.125251514,1
442,443,665.75,3.74785295,1
442,898,95.66,6.7413419,1
442,899,116.37,2.842999546,1
442,929,653,7.626418836,1
443,442,565.77,3.747515683,1
443,444,956.98,4.634883102,1
443,897,1037.8,4.959561501,1
443,898,308.87,4.219801114,1
444,443,859.14,4.633575854,1
444,445,956.98,5.2213654,1
445,444,859.14,5.219896582,1
445,446,1392.96,6.566057753,1
445,885,70.45,6.559481137,1
445,886,269.21,1.116526466,1
446,445,898.71,6.546550109,1
446,447,1680.45,6.077582898,1
446,858,245.11,2.46675305,1
446,859,67.22,5.399787603,1
447,446,957.03,6.036356333,1
447,448,2083.251359,4.227828263,1
447,848,262.41,5.74254953,1
447,849,622.2112733,1.956638227,1
448,447,1130.42,4.159392231,1
448,449,3369.331359,3.501011852,1
448,664,2045.248727,2.938721745,1
448,665,1137.76,1.198239381,1
449,448,2083.15,3.414384063,1
449,450,2995.083734,2.111825767,1
449,662,617.2,3.01930364,1
449,663,1340.612153,1.479977554,1
450,449,1616.57,2.076478078,1
450,451,2841.747846,1.514927227,1
450,453,2686.015888,4.779202501,1
450,508,2532.02,3.978267505,1
451,450,1504.92,1.494161868,1
451,452,3902.407846,2.381376427,1
451,654,1390.68,1.891885595,1
451,655,1914.958085,2.53710787,1
452,451,2309.162613,2.274913988,1
452,525,5364.637846,2.867437004,1
452,652,3407.01,2.274740379,1
452,654,3296.51,2.342207789,1
453,450,3069.63,4.819404516,1
453,454,2237.88,10.89280037,1
453,650,643.2158884,4.083283369,1
453,841,568.26,1.88017575,1
454,453,2465.03,11.01435857,1
454,455,2870.008732,3.569013259,1
454,838,541.7285046,2.009785815,1
454,840,727.2612683,2.499393612,1
455,454,2879.931026,3.572058312,1
455,456,3202.93,3.101181107,1
455,833,1033.38,2.791518977,1
455,835,570.3887317,2.897935044,1
456,455,3096.978505,3.065422097,1
456,457,2679.24,3.208286867,1
456,834,2088.78,2.095035219,1
456,836,885.57,2.455629768,1
457,456,2868.238505,3.255591726,1
457,458,2234.83,1.600700639,1
457,829,541.53,3.819108493,1
457,831,1353.50057,1.109737864,1
458,457,2625.43057,1.634537327,1
458,459,2125.13,1.491831859,1
458,467,2250.52,5.527260741,1
458,468,3107.691495,3.304860267,1
459,458,3057.42,1.514821394,1
459,460,2047.33,4.943710662,1
459,832,245.35,1.320991944,1
459,845,20.62,7.865523213,1
460,459,2886.97,5.185446746,1
460,461,2009.18,6.67399871,1
460,872,355.21,6.052296452,1
460,875,474.12,2.254099226,1
461,460,2578.27945,6.849656453,1
461,462,1742.02,5.671505845,1
461,874,618,2.450355209,1
461,877,466.88,6.030084752,1
462,461,2055.65,5.718096527,1
462,873,13.37,3.580443203,1
462,876,180.02,4.459745363,1
462,927,1569,8.136201242,1
463,464,1555,4.089321998,1
463,928,1728,16.7684017,1
464,463,1728,4.101287109,1
464,465,1596.41,7.569138895,1
464,883,80.16,4.031523117,1
464,884,28.75,3.31446602,1
465,464,1746.31,7.589355046,1
465,466,1888.34,6.053068443,1
465,862,213.35,4.67897972,1
465,881,356.01,2.541767422,1
466,465,1849.03,6.047180679,1
466,467,2184.82,5.680809276,1
466,855,319.47,1.754139775,1
466,862,331.91,5.558896928,1
467,458,2591.212065,5.627673509,1
467,466,1998.31,5.64436872,1
467,845,392.4994303,2.178368873,1
467,855,333.1,6.031970776,1
468,458,2225.31,3.104881916,1
468,469,3046.001495,3.298631037,1
468,829,393.74,1.39676635,1
468,830,264.74,2.910317359,1
469,468,2095.33,3.103633145,1
469,470,3573.071495,3.292536983,1
469,819,1307.73,0.36823424,1
469,824,532.9,4.152244871,1
470,469,2435.54,2.943773842,1
470,471,3812.421495,5.155777769,1
470,817,328.58,0.765815461,1
470,822,237.58,3.489444121,1
471,470,2298.57,4.400736527,1
471,472,4691.69,4.461130742,1
471,815,603.3214954,3.970629777,1
471,816,1179.17,0.638463545,1
472,471,2591.95,3.178640795,1
472,473,6421.83,2.526514347,1
472,813,1405.341597,1.474889145,1
472,815,1752.44,2.316617218,1
473,472,2912.48,1.842428462,1
473,474,2767.257563,3.395042985,1
473,475,5323.548942,3.897990255,1
473,707,744.5594594,4.74646095,1
473,813,731.65,1.531680666,1
474,473,1490.029459,3.353405942,1
474,538,4362.29,3.728200552,1
474,701,1060.878403,1.765017221,1
474,706,3929.521878,3.130434242,1
475,473,2350.74,3.310174123,1
475,476,5323.548942,2.064982699,1
475,706,1462.342733,3.194860027,1
475,707,750.3205406,1.787675659,1
476,475,2530.620557,1.757682331,1
476,477,5224.65,4.508807203,1
476,705,2096.778942,2.150390026,1
476,707,863.73,2.838928556,1
477,476,2717.370557,3.893897436,1
477,478,8020.672999,3.501717333,1
477,503,4763.295545,0.949787172,1
477,504,5836.209993,1.077551399,1
478,477,6402.405538,2.979097739,1
478,479,9252.057398,5.355742837,1
478,633,4085.454455,2.076062672,1
478,703,3661.998071,2.821857746,1
479,478,7233.366751,4.106097449,1
479,480,8016.799616,1.825093036,1
479,629,3013.77,2.533397201,1
479,693,4487.67,3.330622021,1
480,479,7502.879613,1.718433062,1
480,481,3444.052862,1.509371651,1
480,483,6673.821929,2.540869215,1
480,484,5904.663234,2.823452584,1
480,486,6875.043056,2.486894226,1
481,480,3411.171894,1.507579312,1
481,482,0,0.55952,1
481,483,3540.958264,1.736049227,1
481,691,6329.714626,2.838795741,1
482,481,0,0.55952,1
483,480,6681.535602,2.544573619,1
483,481,2885.661765,1.723718119,1
483,539,4820.117528,3.884499006,1
483,693,8650.003723,0.762499333,1
484,480,5634.001021,2.717113239,1
484,485,6375.322218,4.672105181,1
484,627,6782.057427,2.534282323,1
484,629,536.57,3.711181417,1
485,484,6090.378126,4.456064563,1
485,489,7360.373944,4.631266946,1
485,626,8015.959655,2.333119847,1
485,628,4502.673007,2.992652953,1
486,480,6656.95256,2.44079019,1
486,535,9877.717267,0.532046623,1
486,627,7424.061742,2.870840682,1
486,691,3254.6,2.465310055,1
487,488,4406.26,2.985894396,1
487,535,6176.031866,4.763549804,1
487,681,4009.920357,2.076859833,1
487,682,2840.07,3.46652909,1
488,405,3952.799943,1.107290865,1
488,487,6399.476761,3.812838035,1
488,680,2724.777559,3.690503498,1
488,682,2438.49,3.186702305,1
489,485,7289.62286,4.560257079,1
489,490,7624.142218,1.40007522,1
489,630,1844.34,2.780010468,1
489,631,1666.751727,4.333391956,1
490,489,6446.704734,1.252965049,1
490,491,8186.830735,3.691177778,1
490,557,3301.65,3.789800265,1
490,631,3127.490088,3.935191046,1
491,490,6829.944822,3.1831901,1
491,492,9107.820529,4.587527355,1
491,558,4801.514524,3.436791364,1
491,559,8431.170431,0.884248265,1
492,491,8406.123633,4.136996864,1
492,493,5999.234118,1.558842373,1
492,561,4852.586887,3.217045751,1
492,562,8986.757619,0.592551169,1
493,492,4445.85,1.454696068,1
493,494,8189.623145,3.163107321,1
493,497,7666.562701,2.559505254,1
493,562,9143.501022,1.312902878,1
493,564,16863.35865,1.819056711,1
494,493,8535.941489,3.315674063,1
494,495,10387.34714,3.661424862,1
494,561,4968.39,1.036090964,1
494,563,10389.49686,2.825394786,1
495,494,12588.75386,4.526981539,1
495,496,10719.5442,3.427708444,1
495,551,3578.09,4.868810863,1
495,560,5503.268452,1.018386982,1
496,436,14050.92816,1.967067041,1
496,495,11876.34491,3.819283318,1
496,553,5301.547607,1.477624044,1
496,556,4555.645365,3.934296328,1
497,493,9484.51494,3.315499462,1
497,498,7666.562701,0.874743161,1
498,497,9484.51494,1.131937066,1
498,499,4575.856609,1.531297635,1
498,533,6310.122511,1.873597864,1
499,498,5249.534123,1.634532047,1
499,500,5574.817762,3.602579891,1
499,567,9999.310519,1.716819969,1
499,569,6804.558593,2.392538192,1
500,499,7392.934023,4.980326484,1
500,501,5273.589185,4.412429781,1
500,566,5916.654472,2.697590946,1
500,570,4905.000238,1.674802704,1
501,500,6899.171879,5.705260334,1
501,502,3927.74,3.817021232,1
501,571,2672.393405,2.555809316,1
501,636,6226.830109,0.815474274,1
502,501,5484.873394,4.375734356,1
502,503,4024.2,4.088481895,1
502,632,2605.765907,4.017009097,1
502,634,1766.285147,5.101017101,1
503,477,3197.280557,0.91944758,1
503,502,5984.651452,4.420359524,1
503,504,2261.139443,0.535489204,1
503,633,4821.574093,3.74019856,1
504,477,6513.212999,1.128597816,1
504,503,6042.93,0.577960424,1
504,505,5375.379993,3.885388657,1
504,635,5409.229443,0.502523933,1
505,504,7590.136473,4.618046778,1
505,506,5715.999993,2.726433132,1
505,634,5125.241636,1.669959101,1
505,639,2051.86,2.480658694,1
506,505,8156.436956,3.409378161,1
506,507,4485.029993,4.443892421,1
506,639,1876.218087,1.839860044,1
506,644,4131.980353,2.867720877,1
507,506,5723.336956,5.07268628,1
507,508,3446.299993,8.409056754,1
507,578,0,8.2962628,1
507,646,2128.314947,2.438920601,1
508,450,2106.72,3.958746789,1
508,507,4402.976956,8.851912253,1
508,509,5033.809993,2.857056675,1
509,508,5565.186956,3.040493081,1
509,510,6275.845375,4.565856645,1
509,659,4022.725195,0.671068026,1
509,667,1138.31,5.138508908,1
510,509,6281.032151,4.569849364,1
510,511,5778.022595,0.390010813,1
510,658,3699.228686,0.452576555,1
510,666,669.95,4.169298794,1
511,510,6056.537484,0.406639109,1
511,512,6178.521708,3.065892952,1
511,521,2588.03,3.268298557,1
511,522,2446.401329,4.911273186,1
512,511,6293.112907,3.124849437,1
512,513,5501.542718,4.68726702,1
512,661,2119.678989,0.733756585,1
512,670,130.84,7.616878151,1
513,512,6041.677484,5.059935799,1
513,514,4330.679993,5.953704155,1
513,902,3572.962725,4.300433877,1
513,905,1223.56,9.376356194,1
514,513,4890.13,6.234208789,1
514,515,3250.179993,4.709757683,1
514,903,2130.47,2.81208377,1
514,905,661.98,11.54268503,1
515,514,3612.69,4.772222051,1
515,516,273.02,5.981514894,1
515,534,2849.739993,1.77595398,1
515,544,699.94,0.302269576,1
515,932,25,6.347704001,1
516,515,326,5.981522841,1
516,517,392.97,6.333675892,1
516,903,2852.18,9.317178102,1
516,906,1885.85,1.667163937,1
517,516,989.89,6.339356999,1
517,518,163.76,6.927645573,1
517,908,486.05,2.616245706,1
517,909,135.93,4.562539755,1
518,517,357.84,6.927749629,1
518,911,179.05,5.405098204,1
518,912,68.97,1.726645637,1
518,930,0,10.854232,1
519,520,0,0.77728,1
519,521,2529.225019,2.847021053,1
519,668,2574.41,0.917777045,1
519,670,819.4971354,3.281695917,1
520,519,0,0.77728,1
521,511,4377.995019,3.509790986,1
521,519,1503.17,2.823640425,1
521,666,1243.68,0.620707332,1
521,670,432.52,4.04319515,1
522,511,820.36,4.87138049,1
522,523,2446.401329,7.601029271,1
523,522,820.36,7.538983396,1
523,530,6818.689199,3.485111753,1
523,545,4245.219268,0.131793906,1
524,525,2926.652613,3.41482687,1
524,545,4873.14,5.166831207,1
524,578,2272.518467,4.800243971,1
524,647,3042.59,1.634289027,1
525,452,3147.322613,2.460901361,1
525,524,5133.663855,3.897868587,1
525,652,1780.08,2.61887542,1
525,657,2296.647846,2.616277959,1
526,527,3731.470007,7.38943212,1
526,528,6050.113429,13.34797197,1
526,541,2144.906571,0.466904248,1
526,546,0,3.347526,1
527,526,3980.980348,7.733610478,1
527,542,25,0.6745216,1
527,543,3755.470007,4.90582605,1
527,546,1213.899652,4.379073917,1
528,526,4056.710007,10.82338838,1
528,529,3606.71,1.50255221,1
528,573,2856.493429,5.986850107,1
528,575,5713.480068,1.47530455,1
529,528,4938.020075,1.55366561,1
529,530,3612.59,2.155137625,1
529,531,10904.6192,2.714562827,1
530,523,3879.06,2.444680926,1
530,529,7297.909199,2.614433262,1
530,575,4716.48,3.166015772,1
530,577,2959.61,2.894479465,1
531,529,8550.610075,1.812998157,1
531,532,9545.536452,2.85724673,1
531,573,1183.03,3.456480197,1
531,574,2869.962746,3.240036291,1
532,531,8558.840075,2.45013454,1
532,533,8740.82733,2.299531124,1
532,569,4943.724789,3.431115584,1
532,574,1700.133288,2.302835046,1
533,498,7454.397236,2.076851478,1
533,532,7402.072511,1.93977584,1
533,568,4066.377254,1.402250282,1
533,569,1447.666146,3.01730124,1
534,515,2657.14,1.750040903,1
534,543,3583.39,3.973794362,1
534,933,5468,11.5300375,1
535,438,6041.927267,9.368514012,1
535,486,10095.92504,0.553235097,1
535,487,4441.46,4.39457026,1
536,438,7248.139088,3.582024321,1
536,537,4936.319559,3.808215408,1
536,615,1815.706567,1.744794378,1
537,399,4619.194691,4.905024276,1
537,536,6270.795051,4.546612974,1
537,608,2072.881853,3.427737669,1
537,610,9081.2792,1.737937016,1
538,409,7208.715767,2.479040417,1
538,474,2347.72,3.463866241,1
538,699,5988.856986,0.499654406,1
538,704,3997.717114,4.354072116,1
539,409,3017.51,3.019097046,1
539,483,6584.971058,4.955788601,1
539,694,7348.498051,1.099945608,1
539,704,1831.07,4.978844309,1
540,438,1580.283172,1.750736526,1
540,583,7136.81,3.280046536,1
540,622,1514.404202,1.848885569,1
541,526,2674.9,0.480111756,1
541,582,1157.886571,5.916291382,1
541,902,987.02,8.200134294,1
542,527,774.2167667,0.674755044,1
542,902,5991.3,4.363587868,1
542,903,3373.53,6.31833308,1
543,527,4469.663233,5.700312051,1
543,534,3021.790007,3.704128224,1
543,903,739.68,1.436692112,1
544,515,1205.07,0.302811317,1
544,903,1694.31,5.531967551,1
544,904,1990.05,3.363014695,1
545,523,5558.807138,0.149939127,1
545,524,2652.2,4.621087827,1
545,577,3386.890417,3.961735159,1
545,580,3743.035423,1.716709944,1
546,526,1213.899652,3.354536561,1
546,527,0,4.3698712,1
547,1,3529.15,0.0345068,1
547,548,2097.522759,3.430369079,1
547,549,4620.836103,5.800800892,1
547,621,3542.457241,3.027949089,1
548,2,4984.04,0.0345068,1
548,547,1714.758043,3.365708961,1
548,550,3556.66,5.977202411,1
548,552,2359.7,4.845214923,1
548,618,3991.432478,3.640472935,1
549,3,7826.03,0.0345068,1
549,547,3836.84,5.372939691,1
549,550,3759.45,3.500216189,1
549,551,7797.126103,4.374853546,1
550,4,7976.31,0.0345068,1
550,548,2828.049719,5.942337924,1
550,549,3536.95,3.46616638,1
550,551,5992.772126,5.711469558,1
550,552,1791.959309,8.651737893,1
550,553,3133.28174,4.371509297,1
550,560,3187.767874,6.062168548,1
551,5,15357.14,0.0345068,1
551,495,3133.649232,4.849038379,1
551,549,4966.13,4.341070553,1
551,550,4069.78564,5.382861571,1
551,563,19526.46823,3.588592412,1
552,6,6888.67,0.0345068,1
552,435,5704.168884,1.287057,1
552,548,1800.93,4.67488293,1
552,550,1620.23,8.402620115,1
552,553,4601.611104,4.707199647,1
552,618,4221.46,4.776838277,1
552,619,3167.012604,4.932372374,1
553,7,8530.26,0.0345068,1
553,496,5311.723856,1.478539286,1
553,550,3108.840002,4.35986239,1
553,552,4897.656229,4.723841446,1
553,560,5188.960364,4.192919157,1
554,8,7431.62,0.0345068,1
554,435,3529.000075,4.223389715,1
554,437,5150.102277,0.917047956,1
554,614,3392.732804,5.828466159,1
554,619,2750.664313,6.174489607,1
554,622,2344.248309,7.578621269,1
554,625,5158.9,3.613779626,1
555,9,6540.09,0.0345068,1
555,556,3356.688658,6.520813453,1
555,622,4729.326004,5.910260266,1
555,624,7227.781808,3.943398423,1
555,625,4862.449655,1.628179122,1
556,10,10542.22,0.0345068,1
556,437,2192.753972,7.410122646,1
556,496,5690.590014,4.199630946,1
556,555,4878.767813,6.653357647,1
556,557,5925.48,6.648056375,1
556,560,4891.142219,6.914010818,1
556,624,955.9917952,10.59675607,1
557,11,8250.22,0.0345068,1
557,490,2744.25,3.736282079,1
557,556,6232.423699,6.785347065,1
557,558,5246.83419,4.790376961,1
557,559,4210.92,6.038546311,1
557,624,1486.33,9.851214002,1
557,630,4267.23,3.854441037,1
558,12,6462.53,0.0345068,1
558,491,3830.5,3.351759617,1
558,557,3934.84,4.294207608,1
558,560,5423.211408,6.152074003,1
558,561,5386.764193,4.406652171,1
559,13,10388.03,0.0345068,1
559,491,8746.995938,0.924620564,1
559,557,3145.73358,5.838391093,1
559,562,3804.131689,5.773947222,1
559,566,3870.509185,4.714267818,1
559,631,1244.105993,6.234132881,1
560,14,12641.26,0.0345068,1
560,495,6992.315231,1.104903446,1
560,550,2887.505126,5.880013481,1
560,553,4116.72,4.110529766,1
560,556,4145.598452,6.343617791,1
560,558,5209.72,5.848935691,1
560,561,6525.711508,4.559737431,1
561,15,9689.57,0.0345068,1
561,492,7214.911208,3.369301207,1
561,494,7408.904493,1.072147554,1
561,558,2793.996887,4.356742477,1
561,560,3560.79,4.485573665,1
562,16,22380.62,0.0345068,1
562,492,7476.120519,0.554479128,1
562,493,7567.851689,1.297043069,1
562,559,0,5.7653728,1
562,563,0,5.7050348,1
562,567,6976.328641,3.32376487,1
563,17,22236.62,0.0345068,1
563,494,6093.893993,2.46637615,1
563,551,12461.36487,3.238445284,1
563,562,0,5.7050348,1
563,564,18319.5709,2.309335989,1
564,18,17801.1,0.0345068,1
564,493,14721.35329,1.661457519,1
564,563,20096.93467,2.35818869,1
564,565,11100.78866,2.347437835,1
565,19,5082.51,0.0345068,1
565,564,19236.50707,3.374249921,1
565,568,8468.59279,2.218825776,1
565,569,997.0458744,6.672103926,1
566,20,7120.37,0.0345068,1
566,500,4875.152921,2.257794893,1
566,559,4680.664472,4.769756958,1
566,567,2717.674385,5.60304473,1
566,631,816.46,7.425938698,1
567,21,4959.05,0.0345068,1
567,499,6190.573027,1.635076647,1
567,562,12165.52052,3.777383568,1
567,566,1074.34,5.533692113,1
568,22,4832.92,0.0345068,1
568,533,4429.463306,1.435976909,1
568,565,15104.26717,2.924557475,1
568,574,4893.746644,3.165136842,1
569,23,15381.26,0.0345068,1
569,499,9468.857338,2.476564653,1
569,532,2856.900852,3.055367559,1
569,533,890.1,3.014608934,1
569,565,4954.989897,7.003340017,1
569,570,1508.552061,5.696288672,1
569,572,2429.061719,8.323656225,1
569,573,1467.33,5.214950559,1
570,24,6881.59,0.0345068,1
570,500,6139.035357,2.093451418,1
570,569,2089.291957,5.698061972,1
570,571,868.29,6.636956207,1
570,572,2392.178281,5.438811822,1
571,25,6682.74,0.0345068,1
571,501,5528.88226,2.916398687,1
571,570,1551.68,6.69979701,1
571,572,3735.946148,6.044098707,1
571,631,2274.789579,8.573367019,1
571,632,2214.180313,8.605261029,1
571,634,786.8846285,6.473569353,1
571,637,2224.214853,4.685556196,1
572,26,12527.55,0.0345068,1
572,569,4123.634506,10.33206028,1
572,570,4394.233296,5.734847026,1
572,571,5079.689002,6.359734906,1
572,573,4632.24,5.205342149,1
572,576,3646.002613,4.316518346,1
572,637,2236.656187,7.214985792,1
573,27,6312.42,0.0345068,1
573,528,2275.68,5.854759491,1
573,531,1510.88,3.467598149,1
573,569,5883.3,5.918029942,1
573,572,5806.177274,5.484273079,1
573,577,1874.1,5.032615679,1
574,28,10392.15,0.0345068,1
574,531,1174.8,3.045599702,1
574,532,4139.015667,2.45543763,1
574,568,13354.60708,3.318991844,1
574,575,3669.319932,4.989267811,1
575,29,13164.21,0.0345068,1
575,528,2969.58,0.965940803,1
575,530,3226.08,2.9118335,1
575,574,14565.69,5.488970812,1
575,580,961.53,6.199206107,1
575,581,3461.99,4.226701984,1
576,30,4471.18,0.0345068,1
576,572,6597.86833,4.523898182,1
576,577,1261.04,6.652593787,1
576,578,1370.402613,6.687333109,1
576,637,2224.909676,6.01349252,1
576,643,2356.901263,3.798004459,1
577,31,4484.93,0.0345068,1
577,530,5195.7,3.334202397,1
577,545,2238.35,3.736500261,1
577,573,5773.973846,5.486109658,1
577,576,1842.346571,7.190431709,1
577,578,2732.42,4.73993673,1
578,32,5029.56,0.0345068,1
578,507,145.9449466,8.29637155,1
578,524,1492.822613,4.783629008,1
578,576,2366.103677,8.340629253,1
578,577,4947.22,4.832053269,1
578,579,947.25,7.475709967,1
578,580,1165.92,6.547296111,1
578,643,5900.19479,3.915977451,1
578,645,1382.695053,5.978436444,1
579,33,3358.86,0.0345068,1
579,578,1626.23,7.898103769,1
579,580,3158.527138,4.372561934,1
579,582,1625.73,6.280256429,1
579,647,2730.21,3.642735085,1
579,656,1580.72,6.846332836,1
580,34,4917.44,0.0345068,1
580,545,3984.223709,1.76566168,1
580,575,3211.25,6.57314283,1
580,578,1216,6.555590028,1
580,579,1866.05,4.354952227,1
580,581,180.62,9.937738922,1
580,582,2198.14,6.776356177,1
581,35,4029.96,0.0345068,1
581,575,6457.31,4.246172534,1
581,580,130.55,9.936602561,1
581,582,1589.94,6.948642851,1
582,36,6027.78,0.0345068,1
582,541,661.78,5.880776367,1
582,579,1416.31,5.83359312,1
582,580,1954.021149,6.719564247,1
582,581,3419.54,6.990661205,1
582,660,2434.84,6.24945317,1
583,37,7136.81,0.0345068,1
583,540,1148.81,0.591490288,1
584,38,2425.38,0.0345068,1
584,394,546.1263366,6.221958416,1
584,395,1772.880014,4.073269343,1
584,586,1846.8,6.368628913,1
584,588,2362.222477,6.966782362,1
584,605,474.09,8.291976133,1
584,710,799.1231455,6.258268937,1
584,712,410.43,7.670265491,1
584,768,230.77,10.38913931,1
584,808,48.21,10.89093634,1
585,39,4548,0.0345068,1
585,401,7102.007048,2.240582757,1
585,586,1098.833448,4.142826251,1
585,587,4245.519294,4.921216694,1
585,771,1887.810262,4.093258082,1
586,40,1047.44,0.0345068,1
586,584,1102.05,6.332025747,1
586,585,2677.405034,4.513598725,1
586,588,2370.1781,4.580114881,1
586,772,1750.080302,4.011238972,0.9
587,41,11211.12,0.0345068,1
587,400,1191.185773,5.172571786,1
587,585,1737.663033,4.75200573,1
587,588,423.94,4.849577683,1
587,592,3470.646086,5.550255273,1
587,604,3258.401921,4.699919825,1
588,42,1350.81,0.0345068,1
588,397,3936.357745,4.462778458,1
588,584,1002.683145,6.265722358,1
588,586,1010.796855,4.557905365,1
588,587,1750.512832,4.854700538,1
589,43,6471.88,0.0345068,1
589,590,2713.769022,4.68846617,1
589,591,5381.832072,4.28937283,1
589,594,1935.97778,6.036964235,1
589,775,906.8950855,5.10978969,1
590,44,6938.15,0.0345068,1
590,401,5796.153343,2.135259023,1
590,589,4464.733565,5.25076533,1
590,592,5173.995074,4.448033006,1
590,776,1283.44997,4.885052307,1
591,45,5349.17,0.0345068,1
591,441,5678.74,3.648807826,1
591,589,3834.505762,3.914740118,1
591,592,2749.730978,4.775299441,1
591,608,2699.095086,5.616709101,1
591,613,5272.717386,4.590318564,1
592,46,6643.03,0.0345068,1
592,587,2219.646287,5.495736956,1
592,590,1728.871459,4.402597969,1
592,591,4671.889337,5.092105155,1
592,608,4058.890365,5.175439129,1
592,609,2025.27,5.47819121,1
593,47,5051.92,0.0345068,1
593,429,543.16,2.43003628,1
593,431,1348.48,1.299740555,1
593,594,2171.049022,4.665595634,1
593,595,2583.867532,4.493832603,1
594,48,6847.96,0.0345068,1
594,427,2331.33778,1.462423101,1
594,589,1709.509022,5.354907921,1
594,593,2605.629263,4.674705073,1
594,596,2677.538892,5.187807146,1
595,49,3737.49,0.0345068,1
595,432,1976.77,3.244293931,1
595,593,1826.02,4.35371013,1
595,596,2884.825492,4.487832616,1
595,612,620.66,7.210177733,1
595,617,2018.063728,5.50309541,1
596,50,5346.46,0.0345068,1
596,441,6118.940559,0.889210946,1
596,594,2343.02,5.005519229,1
596,595,3569.814466,4.868614093,1
596,612,3306.411718,5.274263079,1
596,613,421.8745568,6.672115616,1
597,51,934.1,0.0345068,1
597,431,751.27,3.007684761,1
597,599,826.03,4.648052945,1
597,778,0,10.8054348,1
598,52,2590.05,0.0345068,1
598,599,1574.367361,4.355166873,1
598,616,942.802639,4.608277702,1
598,620,1987.846103,4.085982006,1
599,53,3683.05,0.0345068,1
599,432,3257.918035,1.4473512,1
599,597,409.12,4.646071659,1
599,598,2629.966103,4.370058287,1
599,616,808.89,5.993918069,1
599,617,1490.483223,5.318587312,1
600,54,668.91,0.0345068,1
600,395,2489.032281,1.44536472,1
600,601,813.44,3.910615269,1
600,602,3261.139541,3.468381216,1
600,605,2527.07,3.810528956,1
601,55,1209.84,0.0345068,1
601,394,675.3977194,2.646447739,1
601,600,1094.814761,4.021303956,1
601,603,958.8568121,4.097720047,1
601,716,788.05,5.290812427,1
602,56,2219.89,0.0345068,1
602,600,3930.73752,3.516651927,1
602,603,1632.009541,3.957878352,1
602,607,2126.14,4.816337299,1
602,671,2737.1,5.099587111,1
603,57,1436.87,0.0345068,1
603,601,494.6224804,4.006956498,1
603,602,1983.46752,3.976642963,1
603,672,1719.098798,4.211528512,1
603,718,912.1275545,4.523932436,1
604,58,9931.42,0.0345068,1
604,397,813.51,1.325228568,1
604,399,7243.825091,3.95906625,1
604,587,3793.271173,5.088340088,1
604,605,1897.25,4.257754901,1
604,606,2639.68,3.99009207,1
605,59,3733.02,0.0345068,1
605,584,281.89,8.281406597,1
605,600,1295.11,3.777177263,1
605,604,4855.98,6.478047981,1
605,607,476.12,5.602689718,1
606,60,3521.2,0.0345068,1
606,403,2590.935594,6.680148006,1
606,604,4413.799984,5.217524388,1
606,607,1872.04,4.254995064,1
606,675,2913.864422,6.985721923,1
607,61,3311.49,0.0345068,1
607,602,1511.24,4.688669259,1
607,605,517.91,5.603749806,1
607,606,4212.57,5.492235202,1
607,676,595.05,9.061636766,1
608,62,3584.99,0.0345068,1
608,537,5510.18541,3.917908088,1
608,591,2466.876544,5.533016088,1
608,592,1851.195309,4.510546172,1
608,609,2670.945086,4.55116893,1
608,613,2767.564955,4.50698459,1
609,63,5998.59,0.0345068,1
609,399,3531.61,0.943112099,1
609,400,0,6.8203076,1
609,592,1533.71,5.259670908,1
609,608,3466.47,4.585896658,1
609,611,2840.667785,4.369492882,1
610,64,16119.51,0.0345068,1
610,537,5367.822168,0.945117817,1
610,611,2433.214914,3.850813932,1
610,615,6724.038411,4.553470336,1
610,679,5059.367544,5.154652464,1
611,65,3350.44,0.0345068,1
611,403,801.14,2.172425236,1
611,609,1111.670057,3.920845036,1
611,610,6000.686416,4.246224105,1
611,680,3663.11,4.742990715,1
612,66,4453.03,0.0345068,1
612,440,2326.538659,3.458649907,1
612,595,598.04,7.205893889,1
612,596,2610.946915,4.702082141,1
612,614,3086.033387,4.426204961,1
612,617,4865.185534,5.097446423,1
613,67,4951.15,0.0345068,1
613,440,1976.078347,2.183255123,1
613,591,2220.097969,3.911158986,1
613,596,108.49653,6.211161312,1
613,608,1081.92,4.416861213,1
613,615,6780.667464,3.819660294,1
614,68,6256.2,0.0345068,1
614,439,4656.900514,2.961580992,1
614,554,3321.076259,5.773836068,1
614,612,2096.05,4.376230609,1
614,619,3278.315612,6.422787644,1
614,622,2530.380056,6.342077544,1
615,69,9818.28,0.0345068,1
615,439,6152.226109,2.292730875,1
615,536,1592.160436,1.681485489,1
615,610,6662.49889,4.544583081,1
615,613,2480.757742,3.707242059,1
615,622,4752.715728,6.659749667,1
616,70,3972.08,0.0345068,1
616,433,4366.840214,3.534743453,1
616,598,924.86,4.607265425,1
616,599,571.2621442,5.990416046,1
616,618,4456.143906,3.361163513,1
616,620,1492.966488,3.868765797,1
617,71,5049.64,0.0345068,1
617,433,1501.813906,1.530713725,1
617,595,1163.571752,4.857196118,1
617,599,773.1,4.702759472,1
617,612,3369.432777,4.642946593,1
617,619,5734.206094,3.485386572,1
618,72,9363.15,0.0345068,1
618,434,2652.687821,4.251473648,1
618,548,3160.678043,3.614771668,1
618,552,3660.212179,4.632999036,1
618,616,3837.666207,3.313757916,1
618,621,1293.885469,3.974330915,1
619,73,12063.87,0.0345068,1
619,434,5954.54499,0.694156638,1
619,552,2881.431028,4.929573159,1
619,554,2208.93,5.536324045,1
619,614,3289.370424,6.431631208,1
619,617,3687.18,3.448220715,1
620,74,3697.97,0.0345068,1
620,598,1498.96,4.044263169,1
620,616,1305.15,3.867481892,1
620,621,2875.716103,2.996665146,1
621,75,1766.45,0.0345068,1
621,547,3249.238059,3.006149714,1
621,618,2127.337241,4.042892925,1
621,620,3254.263512,3.208192798,1
622,76,8948.25,0.0345068,1
622,540,3876.841537,2.563916538,1
622,554,1749.614313,6.447949297,1
622,555,3217.19,5.20704389,1
622,614,969.890337,6.19965126,1
622,615,3761.446004,5.745943389,1
622,623,3728.706828,6.119099901,1
622,625,743.37,4.915238499,1
623,77,10913.16,0.0345068,1
623,622,4039.96472,6.485832955,1
623,624,2362.5,6.394140599,1
623,627,3139.446828,5.028937472,1
623,681,3939.323604,5.033250682,1
624,78,9450.82,0.0345068,1
624,555,6902.826082,3.741895365,1
624,556,878.3734568,10.26270882,1
624,557,1250.9,9.640312498,1
624,623,2872.853604,6.413585196,1
624,626,5050.36,4.590684189,1
625,79,4084.47,0.0345068,1
625,554,4375.057424,3.541362216,1
625,555,5018.102231,1.628714907,1
625,622,1125.42,4.939178615,1
626,80,10350.77,0.0345068,1
626,485,6337.4,1.977968175,1
626,624,7542.089539,4.801586936,1
626,627,4747.02,5.235625445,1
626,630,4576.404309,4.422409409,1
627,81,10419.29,0.0345068,1
627,484,4932.909306,2.185138639,1
627,486,5388.929282,2.461461688,1
627,623,4783.033215,5.366406721,1
627,626,4920.474193,5.237724986,1
628,82,6617.24,0.0345068,1
628,485,5967.039655,3.197106316,1
628,629,2724.109012,4.925378965,1
628,631,1737.568121,6.679457028,1
628,632,2669.693014,5.170619501,1
629,83,4164.95,0.0345068,1
629,479,3538.009357,2.824664124,1
629,484,2400,3.7251624,1
629,628,3607.920552,4.988656884,1
629,633,876.55,5.00755572,1
630,84,5615.88,0.0345068,1
630,489,1930.52,2.786222865,1
630,557,4328.544309,3.85653928,1
630,626,5251.11,4.436647833,1
631,85,10973.41,0.0345068,1
631,489,2687.258126,4.521254108,1
631,490,3864.338517,4.051312429,1
631,559,4475.271483,6.817869644,1
631,566,1640.868121,7.890373973,1
631,571,1900.017831,7.706168926,1
631,628,1745.80714,6.679552863,1
631,636,2548.474711,4.473465214,1
632,86,5541.66,0.0345068,1
632,502,1862.745147,2.331438782,1
632,571,2134.463617,8.507555374,1
632,628,4094.039103,5.44623338,1
632,633,2973.182862,4.660184913,1
632,636,2802.825844,5.274851662,1
633,87,5830.61,0.0345068,1
633,478,3285.842862,2.025336125,1
633,503,1434.22,3.622949589,1
633,629,4018.070897,5.154746557,1
633,632,4165.557652,4.697170061,1
634,88,4497.95,0.0345068,1
634,502,2105.987849,6.252346067,1
634,505,2392.48,1.557374705,1
634,571,2149.462391,7.711681736,1
634,635,3442.530137,4.519119403,1
634,637,3258.566543,5.760655687,1
635,89,2145.62,0.0345068,1
635,504,7653.266526,0.574904474,1
635,634,3059.66,4.315363557,1
635,640,466.1,3.782991282,1
635,705,3289.259443,4.428285859,1
636,90,2206.72,0.0345068,1
636,501,3438.790555,0.676894396,1
636,631,5684.820421,4.841494058,1
636,632,2460.349687,4.873388068,1
637,91,8261.77,0.0345068,1
637,571,4201.791535,5.974667185,1
637,572,2741.943852,7.995124756,1
637,576,1655.741263,5.955756463,1
637,634,2529.745509,5.618318466,1
637,644,2702.566124,4.662269707,1
638,92,1230.92,0.0345068,1
638,640,1099.53,7.136261867,1
638,642,1017.68,5.62974283,1
638,707,2703.298403,5.094585813,1
638,815,561.7715972,5.901037601,1
638,825,802.77,3.977496207,1
638,826,334.8,4.921818937,1
639,93,4488.75,0.0345068,1
639,505,4558.941154,2.596686255,1
639,506,2092.320353,1.842786154,1
639,640,624.4192424,3.62820974,1
639,641,775.87,4.872073861,1
640,94,357.15,0.0345068,1
640,635,1390.446389,5.79806479,1
640,638,390.46,6.853704906,1
640,639,1688.75,3.6800874,1
640,642,521.1780869,4.51025815,1
641,95,2498.61,0.0345068,1
641,639,2559.612662,4.877883166,1
641,642,1322.170758,3.665591625,1
641,646,1719.792103,4.019353012,1
641,648,490.88,5.45175124,1
642,96,468.33,0.0345068,1
642,638,1059.266418,5.631620316,1
642,640,1686.915233,4.840501281,1
642,641,1416.06,3.665879479,1
642,649,692.91,4.421368799,1
643,97,7196.6,0.0345068,1
643,576,3355.137757,4.424651802,1
643,578,3472.19,3.886736918,1
643,644,4514.927033,5.121350311,1
644,98,6973.45,0.0345068,1
644,506,5118.008087,3.113022716,1
644,637,5069.991023,5.316794011,1
644,643,3976.928737,5.091491215,1
644,646,2647.9193,5.391731267,1
645,99,4583.23,0.0345068,1
645,578,2787.3,6.016828998,1
645,646,4516.626586,4.756855707,1
645,647,2695.29,4.073450306,1
645,652,1928.52,3.916077795,1
646,100,4107.96,0.0345068,1
646,507,2264,2.696374721,1
646,641,2881.881913,4.034027758,1
646,644,3999.903637,5.569037185,1
646,645,3425.05,4.614361372,1
646,653,1379.917387,4.262712631,1
647,101,2787.21,0.0345068,1
647,524,3836.214613,1.668186265,1
647,579,2657.22,3.63944171,1
647,645,3031.731533,4.075338489,1
647,657,3497.58,4.26018923,1
648,102,2676.83,0.0345068,1
648,641,764.4436093,8.635234278,1
648,649,1116.286389,4.605148503,1
648,650,959.38,4.110727139,1
648,653,3108.740002,4.15832531,1
649,103,1692.02,0.0345068,1
649,642,1875.042807,4.909231429,1
649,648,1037.53,4.601880019,1
649,651,677.3,4.024839742,1
649,825,887.7335816,4.205790625,1
650,104,2159.55,0.0345068,1
650,453,597.64,3.788220185,1
650,648,1474.97,4.126225041,1
650,651,1091.23,4.49571007,1
650,655,1461.57,5.098865692,1
651,105,868.62,0.0345068,1
651,649,1403.73,4.159106979,1
651,650,1096,4.496126934,1
651,827,422.65,4.126319589,1
651,842,441.26,4.618947818,1
652,106,3338.87,0.0345068,1
652,452,2458.35,2.261425465,1
652,525,1870.27,2.620229178,1
652,645,4144.33,3.932188517,1
652,653,1944.35,4.434428296,1
653,107,2602.56,0.0345068,1
653,646,3453.430002,4.472620845,1
653,648,1940.58,4.083228187,1
653,652,2780.65,4.505817489,1
653,655,835.3873869,4.943531155,1
654,108,3288.06,0.0345068,1
654,451,1026.245472,1.890742631,1
654,452,4869.24,2.40545843,1
654,659,2218.14,4.951111563,1
654,662,2106.54,4.492582328,1
655,109,2867.13,0.0345068,1
655,451,2535.81,2.553715028,1
655,650,986.1841116,5.06577297,1
655,653,1548.63,5.040770441,1
655,663,648.31,4.50743816,1
656,110,4214.93,0.0345068,1
656,579,2465.997138,7.223713741,1
656,657,2704.83,5.778519444,1
656,658,2028.752862,4.919172206,1
656,660,2953.687846,4.462557933,1
657,111,5151.92,0.0345068,1
657,525,2196.153855,2.613531558,1
657,647,4197.156145,4.84321388,1
657,656,2524.467846,5.773970191,1
657,659,1678.48,5.347026361,1
658,112,3575.4,0.0345068,1
658,510,3341.850573,0.439018854,1
658,656,1737.66,4.897399287,1
658,659,801.5648049,5.679936244,1
658,661,2416.723304,3.737083795,1
659,113,5118.23,0.0345068,1
659,509,3720.775382,0.661126802,1
659,654,1844.5,4.941150815,1
659,657,1785.64,5.347060843,1
659,658,36.49461806,5.679560002,1
660,114,1529.23,0.0345068,1
660,582,3241.704577,6.69194592,1
660,656,2864.75,4.400416354,1
660,661,1117.27,4.73130883,1
660,902,4286.05,6.924489218,1
661,115,4279.3,0.0345068,1
661,512,1573.685423,0.657335689,1
661,658,2449.492516,3.737877068,1
661,660,1144.216731,4.731481267,1
661,902,2098.57014,8.253944311,1
662,116,2162.47,0.0345068,1
662,449,685.6245284,3.021373305,1
662,654,3207.435472,4.58251675,1
662,664,1586.73,3.918447651,1
662,667,830.67,5.519414489,1
663,117,533.27,0.0345068,1
663,449,1364.52,1.483105795,1
663,655,1346.04864,4.509016391,1
663,665,148.53,4.409604374,1
663,841,642.44,4.282732742,1
664,118,3764.94,0.0345068,1
664,448,1871.31,2.92417386,1
664,662,2462.28,3.960619687,1
664,669,3377.640881,4.039072329,1
664,849,624.57,6.05846707,1
665,119,1072.54,0.0345068,1
665,448,1645.048727,1.204844455,1
665,663,476.5564872,4.411659169,1
665,843,723.68,3.856711055,1
665,849,112.39,6.663220288,1
666,120,1520.72,0.0345068,1
666,510,754,4.169589875,1
666,521,1554.33,0.676837807,1
666,667,1246.17,4.905369898,1
666,668,354.93,4.297268444,1
667,121,3103.35,0.0345068,1
667,509,1966.45,5.154597174,1
667,662,912.2,5.523891124,1
667,666,1489.75,5.015667931,1
667,669,1412.24,4.438219137,1
668,122,1856.23,0.0345068,1
668,519,3348.722154,1.408742311,1
668,666,519.4,4.297708966,1
668,669,2463.48,5.044427401,1
668,850,597.31,3.959738802,1
669,123,4567.93,0.0345068,1
669,664,3342.86,4.03574957,1
669,667,1883.02,4.440538746,1
669,668,2370.642154,5.019520439,1
669,851,431.8987267,4.737247952,1
670,124,1015.14,0.0345068,1
670,512,251.29,7.617137224,1
670,519,1071.24,3.307184937,1
670,521,885.78,4.110804004,1
670,854,21,10.54669721,1
670,902,651.9371354,15.12870997,1
670,905,615.29,10.40389345,1
671,125,1002.16,0.0345068,1
671,602,1592.9,4.865158519,1
671,672,1086.35,3.794487732,1
671,673,3137.183899,4.251035053,1
671,676,2728.909927,4.431134959,1
672,126,205.69,0.0345068,1
672,603,1238.634602,3.985437816,1
672,671,1932.466968,3.970915256,1
672,674,1377.961416,4.244447671,1
672,722,772.1924455,3.885714614,1
673,127,1194.48,0.0345068,1
673,671,2113.616858,4.138788169,1
673,674,1378.8,3.966055995,1
673,678,4064.062927,4.359730527,1
673,683,2367.065453,4.642777555,1
674,128,1630.49,0.0345068,1
674,672,989.023615,4.145375552,1
674,673,1603.071339,3.977502638,1
674,684,778.95,4.453917413,1
674,724,983.68,4.656620187,1
675,129,3856.69,0.0345068,1
675,404,6195.86838,3.96026829,1
675,606,1680.53,6.575560732,1
675,676,1846.803096,4.438146112,1
675,677,2499.369454,4.16944428,1
676,130,1881.33,0.0345068,1
676,607,409.5,7.458082889,1
676,671,540.17,4.03020126,1
676,675,4491.169894,4.718020955,1
676,678,1919.593096,4.260191007,1
677,131,3640.97,0.0345068,1
677,406,4398.928049,3.419658211,1
677,675,2931.323517,4.220378942,1
677,678,1598.506904,4.649761581,1
677,687,1646.173457,4.493199609,1
678,132,4008.23,0.0345068,1
678,673,2372.33,3.84263149,1
678,676,1077.589967,4.210192601,1
678,677,3033.995569,4.707834614,1
678,688,3451.537391,4.327683723,1
679,133,8660.26,0.0345068,1
679,610,4855.178531,5.114753534,1
679,680,982.12,3.491001959,1
679,681,3888.251147,5.440142592,1
680,134,5132.29,0.0345068,1
680,404,2355.33,1.340824949,1
680,488,2570.65,3.559883754,1
680,611,4159.732883,4.932472844,1
680,679,3608.283171,4.063943415,1
681,135,7191.49,0.0345068,1
681,487,2804.87,1.581581246,1
681,623,5011.261504,6.017731503,1
681,679,4526.038963,5.9652049,1
681,691,5259.09,4.136814447,1
682,136,8331.82,0.0345068,1
682,406,2140.8,2.633474847,1
682,487,3786.475462,4.257495538,1
682,488,2271.317502,3.093698202,1
682,692,2234.91,4.123438529,1
683,137,1883.79,0.0345068,1
683,673,1867.62,4.490738503,1
683,684,913.59,4.629157854,1
683,685,3400.008738,4.134331899,1
683,688,3091.926694,4.692564548,1
684,138,1328.56,0.0345068,1
684,674,907.62,4.493378071,1
684,683,1738.996694,4.775149718,1
684,728,1311.78,4.038718438,1
685,139,1252.13,0.0345068,1
685,411,2808.729028,3.178661336,1
685,683,3372.227999,4.124902639,1
685,686,1190.54,3.820684836,1
685,690,2288.797625,4.003424868,1
686,140,1420.05,0.0345068,1
686,685,1235.245915,3.853785305,1
686,730,695.17,4.164117697,1
687,141,4271.85,0.0345068,1
687,407,8483.680474,2.487166452,1
687,677,1154.2,4.492308412,1
687,688,3098.882583,4.566597578,1
687,689,923.6385172,5.13734825,1
688,142,6332.38,0.0345068,1
688,678,2393.02,4.30605842,1
688,683,1330.235286,4.322898356,1
688,687,5254.454085,4.815465973,1
688,690,1068.72,5.44122563,1
689,143,3553.45,0.0345068,1
689,408,2763.005266,3.428560584,1
689,687,1748.966735,5.140054466,1
689,690,1463.073022,4.130799143,1
689,699,1478.862645,5.638981743,1
690,144,1795.19,0.0345068,1
690,410,2161.941497,3.60642175,1
690,685,803.55,3.942933182,1
690,688,1630.332703,5.448580442,1
690,689,3116.079231,4.489453825,1
691,145,6322.93,0.0345068,1
691,481,6952.130157,2.987400089,1
691,486,4853.434193,2.554586412,1
691,681,7475.50536,4.205042554,1
691,692,3926.102472,4.366762553,1
692,146,5256.9,0.0345068,1
692,407,2979.47,2.584594918,1
692,682,3423.828795,4.1399138,1
692,691,7495.357555,4.817811462,1
692,694,2825.121157,5.341131377,1
693,147,14124.52,0.0345068,1
693,479,2458.66,2.045800362,1
693,483,6237.567366,0.590881716,1
693,694,2228.31,4.438184809,1
693,703,1172.901929,5.343019709,1
694,148,12195.82,0.0345068,1
694,408,1848.630523,2.425158063,1
694,539,2048.3,0.668657251,1
694,692,1900.978235,5.298212848,1
694,693,4354.761029,4.962628734,1
695,149,5243.01,0.0345068,1
695,411,4773.002003,1.127946494,1
695,696,1096.87,4.109725962,1
695,697,1141.72395,4.75002344,1
695,700,1513.04,5.620015312,1
696,150,1294.27,0.0345068,1
696,695,2457.451035,4.11374146,1
696,698,1525.75,4.437629999,1
696,734,734.7879973,4.348622362,1
697,151,1757.37,0.0345068,1
697,695,2572.402003,4.821306937,1
697,698,1893.557997,4.099414797,1
697,702,2346.404466,4.109286158,1
697,809,1142.95,4.095444349,1
698,152,2694.53,0.0345068,1
698,696,1998.297997,4.448518534,1
698,697,2296.95,4.134084619,1
698,736,1655.9,4.446561229,1
698,810,134.62,4.784720379,1
699,153,5519.35,0.0345068,1
699,538,8269.194953,0.555509477,1
699,689,1526.85992,5.732267931,1
699,700,3304.667079,4.321749943,1
699,701,1744.02605,3.782832512,1
700,154,7374.85,0.0345068,1
700,410,3313.674848,2.347549951,1
700,695,935.48,5.61971158,1
700,699,3126.754052,4.298503026,1
700,702,568.5,5.222219265,1
701,155,2368.18,0.0345068,1
701,474,2029.76,1.792179222,1
701,699,5336.824319,4.487270125,1
701,702,1996.725688,3.76488612,1
701,813,486.4427148,4.549547022,1
702,156,2397.03,0.0345068,1
702,697,2322.18,4.108484069,1
702,700,2148.505403,5.261776235,1
702,701,3109.70395,4.790194447,1
702,814,613.1972852,4.66778863,1
703,157,6184.31,0.0345068,1
703,478,4862.032849,2.988972608,1
703,693,2467.324544,7.034353146,1
703,704,2840.501363,4.417919863,1
703,705,1464.65,4.309136253,1
704,158,5014.39,0.0345068,1
704,538,2604.569477,4.32201852,1
704,539,4860.700523,5.619450707,1
704,703,4317.628451,4.475358051,1
704,706,746.18,4.664746532,1
705,159,5064.4,0.0345068,1
705,476,676.98,2.111785705,1
705,635,4001.31,4.524861838,1
705,703,2815.890305,4.552607324,1
705,706,2555.36808,4.299588379,1
706,160,3016.66,0.0345068,1
706,474,3697.982177,3.004504594,1
706,475,750.3205406,3.181756992,1
706,704,2627.629974,4.670938808,1
706,705,3680.69,4.439581165,1
707,161,2185.88,0.0345068,1
707,473,530.2662259,4.596150894,1
707,475,1282.462177,1.791829259,1
707,476,1997.88,2.881808914,1
707,638,827.22,4.257095797,1
708,162,470.53,0.0345068,1
708,388,147.56,2.97255929,1
708,709,415.28,7.194623336,1
708,714,98.35,7.222659183,1
708,913,177.6,20.70933692,1
709,163,263.06,0.0345068,1
709,391,1526.46,0.586101931,1
709,708,240.76,7.194283306,1
709,711,248.24,5.679095964,1
709,713,360.31,6.104048741,1
709,803,334.98,7.93438382,1
710,164,1458.17,0.0345068,1
710,584,1457.271106,9.777815633,1
710,712,2355.694123,5.516114848,1
710,806,1533.792984,3.709486765,1
711,165,244.89,0.0345068,1
711,709,315.85,5.68416452,1
711,713,1425.802036,6.747453611,1
711,807,1019.630162,3.313067341,1
712,166,3517.32,0.0345068,1
712,393,2621.574123,2.852080983,1
712,584,1026.423777,7.746111453,1
712,710,815.8098383,5.22889763,1
712,713,443.9,4.426951721,1
713,167,1205.57,0.0345068,1
713,392,1269.903929,1.526603845,1
713,709,49.47,6.103665736,1
713,711,721.9401617,4.378679795,1
713,712,849.848578,4.736913673,1
713,716,450.2281078,6.906096297,1
714,168,166.32,0.0345068,1
714,708,52.88,7.222658832,1
714,715,336.78,6.88695134,1
714,720,58.56,7.181812882,1
714,913,149.26,14.06540675,1
715,169,224.32,0.0345068,1
715,391,272.38,6.548719628,1
715,714,144.82,6.886921072,1
715,717,641.57,5.543469163,1
715,719,144.6,5.460727196,1
715,721,762.9,6.855531121,1
716,170,5208.63,0.0345068,1
716,393,3758.777438,2.267640401,1
716,601,973.4963528,5.295718726,1
716,713,0,6.9034884,1
716,717,476.88,4.20490754,1
716,718,2171.893647,4.561134449,1
717,171,762.83,0.0345068,1
717,392,697.6625618,3.150084751,1
717,715,223.85,5.54003368,1
717,716,1087.807438,4.208139297,1
717,719,796.94,4.046651527,1
718,172,2923.35,0.0345068,1
718,603,1069.835398,4.893688388,1
718,716,1966.27,4.559103981,1
718,719,507.7175545,3.879418238,1
718,722,1986.972962,4.139069329,1
719,173,422.23,0.0345068,1
719,715,45.85,5.460659491,1
719,717,693.25,4.026730109,1
719,718,787.459315,4.057375752,1
719,723,897.1282396,4.093547583,1
720,174,204.97,0.0345068,1
720,714,31.92,7.181812807,1
720,721,606.98,6.805056529,1
720,726,136.05,7.306696886,1
720,913,259.75,9.560255578,1
721,175,522.82,0.0345068,1
721,715,513.42,6.848686365,1
721,720,248.46,6.804547893,1
721,723,378.81,5.608813116,1
721,725,1042.77,5.713468495,1
721,727,633.93,7.266355255,1
722,176,484.1,0.0345068,1
722,672,1225.183017,4.904763508,1
722,718,1551.335398,3.996512936,1
722,723,204.6124455,4.39965513,1
722,724,1230.674547,5.491118504,1
723,177,218.14,0.0345068,1
723,719,791.55,4.084097234,1
723,721,164.67,5.592699887,1
723,722,202.84,4.399652725,1
723,725,1045.200685,4.250112886,1
724,178,3374.67,0.0345068,1
724,674,1456.683538,4.807072336,1
724,722,925.28,4.554572182,1
724,725,696.85,4.114225121,1
724,728,2287.351693,3.897009376,1
725,179,1894.04,0.0345068,1
725,721,223.15,5.68854917,1
725,723,521.12,4.207284866,1
725,724,1826.520685,4.194923455,1
725,729,768.05,4.507678809,1
726,180,202.88,0.0345068,1
726,416,245.31,1.621855882,1
726,720,110.98,7.306694386,1
726,727,353.26,6.969538302,1
726,913,203.11,9.681326954,1
727,181,557.19,0.0345068,1
727,415,369.04,4.969874993,1
727,721,343.82,7.264434722,1
727,726,124.16,6.969477739,1
727,729,512.35,5.949001337,1
727,731,568.79,5.445952168,1
728,182,2480.96,0.0345068,1
728,684,2127.826694,4.107265583,1
728,724,2133.93,3.887928311,1
728,729,483.74,4.112398568,1
728,730,2158.304999,4.387812054,1
729,183,947.08,0.0345068,1
729,725,692.19,4.507488644,1
729,727,179.12,5.890863665,1
729,728,1104.9,4.113776748,1
729,731,976.42,4.417073763,1
730,184,1285.91,0.0345068,1
730,413,2384.829084,3.540302496,1
730,686,1062.695915,4.775149842,1
730,728,2403.72,4.436631681,1
730,731,124.41,4.609586792,1
731,185,826.72,0.0345068,1
731,414,1627.98,3.441124361,1
731,727,226.84,5.440921368,1
731,729,934.75,4.416707142,1
731,730,278.2,4.609634606,1
732,186,352.86,0.0345068,1
732,416,87.07,5.438057645,1
732,417,206.49,10.16790508,1
732,733,228.56,7.051950066,1
732,864,184.53,8.188885394,1
733,187,672.46,0.0345068,1
733,415,634,3.080739319,1
733,732,111.19,7.05191753,1
733,735,788.73,6.485961971,1
733,737,1250.54,6.143478142,1
733,865,405.11,7.184399325,1
734,188,3358.48,0.0345068,1
734,413,3139.99,0.71190672,1
734,696,1449.591035,4.861833087,1
734,735,1049.42,4.024001064,1
734,736,1609.65,5.004982432,1
735,189,3444.78,0.0345068,1
735,414,3144.828965,0.618270393,1
735,733,352.77,6.153827355,1
735,734,1317.961035,4.026581871,1
735,737,2001.92,5.466369135,1
736,190,3635.99,0.0345068,1
736,698,2656.45,4.513372172,1
736,734,2554.14,5.046963652,1
736,737,1318.84,4.783665598,1
736,866,977.3,6.854443423,1
737,191,4862.57,0.0345068,1
737,733,515.76,6.089673149,1
737,735,1978.71,5.459333733,1
737,736,1287.87,4.78355795,1
737,866,1624.82,5.893103021,1
738,192,555.76,0.0345068,1
738,740,756.2833573,4.628913268,1
738,742,400.67,5.535406673,1
738,746,674.01,8.904626308,1
738,784,807.4,3.679002461,1
738,920,93.91,8.472639389,1
739,193,73.06,0.0345068,1
739,419,773.5413195,5.260295076,1
739,740,710.47,4.241914991,1
739,741,428.62,3.488457092,1
739,921,319.3520378,6.02462386,1
740,194,1210.77,0.0345068,1
740,738,446.67,4.44444257,1
740,739,1310.803357,4.34585071,1
740,742,429.23,4.09938571,1
740,920,178.89,7.784002871,1
741,195,414.07,0.0345068,1
741,739,139.41,3.487399569,1
741,742,476.440648,4.688022163,1
741,743,408.9979622,6.987496502,1
741,747,1123.611168,3.945282756,1
742,196,603.43,0.0345068,1
742,738,182.44,5.534162677,1
742,740,243.37,4.095787532,1
742,741,461.5698391,4.628064808,1
742,748,1305.918771,3.901429889,1
743,197,517.34,0.0345068,1
743,419,324.11,1.505578024,1
743,741,520.2499388,7.033472716,1
743,744,348.25,7.325841174,1
743,745,225.21,7.835692571,1
743,751,1039.57,6.316899255,1
743,752,699.0353299,6.743557056,1
743,921,97.73,9.206979532,1
743,922,579.3179622,10.13383924,1
744,198,1574.52,0.0345068,1
744,743,646.82,7.330218573,1
744,745,2539.206934,3.915623107,1
744,922,1601.43,7.656818217,1
745,199,1844.75,0.0345068,1
745,743,310.9078646,7.836176303,1
745,744,1383.25,3.898993536,1
745,755,3799.02907,5.446888409,1
746,200,1625.29,0.0345068,1
746,738,132,8.851993141,1
746,748,903.3879622,4.828199014,1
746,750,1085.609745,5.047067614,1
746,757,2210.11803,7.425849968,1
746,792,990.28,4.676124874,1
747,201,718.57,0.0345068,1
747,741,253.19,3.922084365,1
747,748,713.499352,4.644169297,1
747,749,1364.469939,4.08734881,1
747,752,1480.53,4.672032203,1
748,202,926.18,0.0345068,1
748,742,763.7779622,3.864546926,1
748,746,1305.21,4.925889779,1
748,747,1374.978123,4.671917674,1
748,750,377.72,5.034716634,1
749,203,1205.6,0.0345068,1
749,747,336.66,3.962703658,1
749,750,583.83,5.447819068,1
749,754,1704.372336,4.249262855,1
749,758,2768.74741,4.166806032,1
750,204,1150.86,0.0345068,1
750,746,545.1,4.988048896,1
750,748,161.53,5.034681225,1
750,749,1402.149745,5.634803744,1
750,759,1085.11,5.057714757,1
751,205,2325.47,0.0345068,1
751,420,694.02,2.671144148,1
751,743,188.72,6.303698752,1
751,753,2558.727139,4.476752458,1
751,755,1020.921947,5.026380076,1
752,206,362.05,0.0345068,1
752,420,2361.39,1.813008816,1
752,743,239.43,6.698133101,1
752,747,575.74,4.591446012,1
752,754,1668.647926,4.070544592,1
753,207,2413.04,0.0345068,1
753,421,1993.418415,1.138118334,1
753,751,709.1119472,4.469948772,1
753,756,2499.486993,4.85831441,1
753,762,3616.628214,4.159587013,1
754,208,734.23,0.0345068,1
754,421,1821.422336,3.228510492,1
754,749,1737.170061,4.252002634,1
754,752,810.82,3.817297868,1
754,763,1171.547865,5.075197648,1
755,209,3175.81,0.0345068,1
755,745,1580.93,4.884531432,1
755,751,1780.967139,5.107314454,1
755,756,4753.291931,4.689081439,1
756,210,6372.97,0.0345068,1
756,753,2789.43584,4.894985473,1
756,755,2009.438053,4.638014438,1
756,766,4695.745031,5.150209688,1
757,211,1711.12,0.0345068,1
757,746,626.57,7.327370689,1
757,759,732.17,4.61543612,1
757,761,2727.472068,5.331303283,1
757,768,1510.98,8.079757132,1
757,800,1382.096855,3.85229043,1
758,212,447.06,0.0345068,1
758,749,550.63,3.770206153,1
758,759,558.94,4.893651645,1
758,760,1843.632415,4.41359976,1
758,763,1649.074995,4.19459357,1
759,213,77.19,0.0345068,1
759,750,323.43,4.213858896,1
759,757,843.1,4.644035873,1
759,758,601.55,5.203331572,1
759,761,806.72,3.721374665,1
760,214,814.89,0.0345068,1
760,758,719.06,4.004139353,1
760,761,745.7347072,3.751659373,1
760,765,3060.78633,4.794254234,1
760,769,1371.465293,5.622704831,1
761,215,97.78,0.0345068,1
761,757,694.6968545,4.851665148,1
761,759,149.25,3.7071367,1
761,760,2015.864586,3.977536714,1
761,770,2008.1245,5.777689091,1
762,216,2824.14,0.0345068,1
762,422,1405.718015,1.403969417,1
762,753,1623.674069,3.593552899,1
762,763,1939.752135,4.534933265,1
762,764,752.3354731,8.034400366,1
763,217,1430.46,0.0345068,1
763,754,378.6,3.996360001,1
763,758,457.86,4.18968892,1
763,762,1864.486809,4.50158421,1
763,765,3278.197585,5.013260423,1
764,218,1993,0.0345068,1
764,423,1857.019212,1.698126737,1
764,762,429.9271448,4.957167623,1
764,765,307.12,4.372257396,1
764,773,1978.904806,4.371752628,1
765,219,3930.44,0.0345068,1
765,760,564.38,4.747275969,1
765,763,902.3293995,4.815845723,1
765,764,1935.879212,4.431884791,1
765,774,4943.233064,4.401830536,1
766,220,2946.76,0.0345068,1
766,422,1306.202895,5.308332214,1
766,756,2493.69,4.968569965,1
766,767,5174.656262,6.406043717,1
767,221,2356.14,0.0345068,1
767,423,691.42,4.35971666,1
767,766,1760.91,3.818051391,1
767,777,5638.046262,5.233663305,1
768,222,2652.57,0.0345068,1
768,584,1588.333013,10.40463639,1
768,757,515.82,7.719204386,1
768,770,741.21,6.534325842,1
768,772,2070.883199,8.171006304,1
768,808,1429.864123,3.712609272,1
769,223,739.05,0.0345068,1
769,760,856.5093285,4.002884159,1
769,770,604.0532631,3.906643632,1
769,771,1481.09,4.859594435,1
769,774,498.33,5.38021886,1
770,224,1264.06,0.0345068,1
770,761,479.4091653,3.943098812,1
770,768,315.98,6.479585284,1
770,769,973.0193285,3.917751367,1
770,772,2659.197763,4.207636941,1
771,225,1102.18,0.0345068,1
771,585,3428.075537,4.994292017,1
771,769,444.89,4.656450992,1
771,772,1019.898582,4.060807141,1
771,776,2371.64207,4.490942717,1
772,226,1656.14,0.0345068,1
772,586,3124.063133,4.620297569,1
772,768,904.59,5.445735628,1
772,770,911.2084938,4.174897685,1
772,771,3031.108219,4.139604277,1
773,227,1283.17,0.0345068,1
773,424,1503.060788,2.32254972,1
773,764,534.6471448,4.255088921,1
773,774,1462.407502,4.182878153,1
773,775,2774.938957,5.371157947,1
774,228,1967.16,0.0345068,1
774,765,1584.47776,4.127631332,1
774,769,532.3379703,5.394783797,1
774,773,2390.212601,4.249479932,1
774,776,3635.299994,5.421595366,1
775,229,2806.66,0.0345068,1
775,425,2423.25222,3.525983683,1
775,589,2143.965611,5.500115606,1
775,773,1080.327145,3.535429152,1
775,776,2134.602498,4.233315572,1
776,230,2347.23,0.0345068,1
776,590,5414.125792,5.078334963,1
776,771,892.8277081,4.026661864,1
776,774,982.8377602,4.131609118,1
776,775,2800.123271,4.828984687,0.9
777,231,2627.28,0.0345068,1
777,424,709.5198396,3.994611989,1
777,767,1913.9,4.705144205,1
777,778,3972.73,6.948269585,1
777,779,3635.236422,6.43321699,1
778,232,3500.52,0.0345068,1
778,429,5192.79,3.035123668,1
778,597,0,10.8054348,1
778,777,1590.65,4.853960307,1
778,779,618.8,5.297793423,1
779,233,4571.12,0.0345068,1
779,425,1405.32016,1.603560648,1
779,427,4938.066262,2.851413031,1
779,777,1325.79,3.943204621,1
779,778,518.45,5.297567685,1
780,234,598.58,0.0345068,1
780,781,463.73,7.327020137,1
780,785,281.92,8.769567154,1
780,914,554.08,13.99408642,1
780,916,123.14,8.182693237,1
781,235,113.28,0.0345068,1
781,780,439.81,7.326957571,1
781,782,253.26,6.991902701,1
781,786,426.09,6.987788825,1
781,917,78.58,7.688802951,1
782,236,367.92,0.0345068,1
782,781,160.1,6.991859425,1
782,783,478.243133,7.259812446,1
782,787,467.9481865,7.342381264,1
782,917,132.78,8.515767943,1
782,918,17.38,9.75567848,1
783,237,995.83,0.0345068,1
783,782,260.1,7.259191898,1
783,784,494.7513195,5.096627465,1
783,788,787.8318135,5.778305477,1
783,789,663.96,6.028449764,1
783,918,49.5,10.2492194,1
783,919,201.77,9.253885172,1
784,238,153.29,0.0345068,1
784,738,1020.003357,3.747575152,1
784,783,504.97,5.096652676,1
784,792,284.38,7.969383452,1
784,919,156.26,7.580826027,1
785,239,539.26,0.0345068,1
785,780,94.27,8.76936259,1
785,786,183.37,7.264244657,1
785,793,373.9,7.191892504,1
785,914,304.43,9.550223157,1
786,240,188.09,0.0345068,1
786,781,199.57,6.986974377,1
786,785,285.87,7.264267509,1
786,787,272.58,7.195378443,1
786,794,494.29,7.125001645,1
787,241,652.93,0.0345068,1
787,782,135.51,7.3420424,1
787,786,298.85,7.195884934,1
787,789,228.1210539,6.256880933,1
787,791,334.5989461,6.104052597,1
787,795,1054.629518,7.269873638,1
788,242,268.8,0.0345068,1
788,783,368.24,5.718195634,1
788,789,112.93,4.507152294,1
788,790,592.65,3.50215481,1
788,792,648.8828675,3.614937073,1
789,243,330.82,0.0345068,1
789,783,421.32,5.889716514,1
789,787,285.4313314,6.313747951,1
789,788,280.9210539,4.507401914,1
789,791,644.7686686,3.582346927,1
790,244,1887.17,0.0345068,1
790,788,306.27,3.490681172,1
790,791,324.52,4.737625974,1
790,792,665.1289461,3.537664682,1
790,796,1880.05,4.565716717,1
791,245,689.87,0.0345068,1
791,787,246.3,5.982077627,1
791,789,340.82,3.566059258,1
791,790,301.3189461,4.737502642,1
791,797,1166.468669,3.972319418,1
792,246,496.44,0.0345068,1
792,746,1214.095738,5.399137662,1
792,784,124.2320378,7.962076188,1
792,788,250.92,3.609250071,1
792,790,1300.95,3.572712751,1
792,800,416.2040378,8.797217649,1
793,247,1030.86,0.0345068,1
793,785,219.99,7.191822352,1
793,794,601.13,7.192721252,1
793,801,374.65,7.264509287,1
793,914,627.27,9.005071245,1
794,248,174.64,0.0345068,1
794,786,192.77,7.124257619,1
794,793,609.19,7.192770963,1
794,795,826.73,7.26861665,1
794,802,273.58,7.641889671,1
795,249,2781.89,0.0345068,1
795,787,222.03,7.266698649,1
795,794,555.24,7.267083898,1
795,797,437.56,5.98695828,1
795,799,1580.758186,6.036302884,1
795,803,1066.82,7.595818584,1
796,250,885.77,0.0345068,1
796,790,953.63,4.13041844,1
796,797,848.543183,3.980498145,1
796,798,713.3368153,4.677649506,1
796,800,722.06,5.579629253,1
797,251,150.86,0.0345068,1
797,791,532.93,3.780821281,1
797,795,728.098667,6.028955245,1
797,796,824.26,3.94997172,1
797,799,1075.293185,4.503991728,1
798,252,510.78,0.0345068,1
798,796,305.0431455,4.512847254,1
798,799,918.776817,3.806840366,1
798,800,981.83,4.058033967,1
798,804,1121.95,4.612805135,1
799,253,1296.67,0.0345068,1
799,795,1047.020002,5.925745202,1
799,797,574.65,3.831727622,1
799,798,893.1,3.804219549,1
799,805,3177.438186,3.754737861,1
800,254,536.26,0.0345068,1
800,757,2324.394038,4.027769981,1
800,792,15.72,8.221801171,1
800,796,499.5268529,3.914856126,1
800,798,1043.760002,4.191723947,1
800,808,13.66,12.62912104,1
801,255,169.62,0.0345068,1
801,389,137.74,9.880400841,1
801,793,239.47,7.264295612,1
801,802,449.04,7.32938245,1
801,913,128.37,25.75593476,1
802,256,354.32,0.0345068,1
802,388,761.33,4.972102553,1
802,794,48.26,7.641812874,1
802,801,230.57,7.326867858,1
802,803,351.33,7.194647194,1
803,257,1176.61,0.0345068,1
803,709,1148.2,7.985336855,1
803,795,558.84,7.56210527,1
803,802,259.98,7.194362096,1
803,805,552.99,6.166812856,1
803,807,291.52,5.93653837,1
804,258,1587.28,0.0345068,1
804,798,526.7531455,4.600298323,1
804,805,1497.94,3.72133612,1
804,806,1430.561106,4.071228421,1
804,808,2364.955044,3.966751897,1
805,259,2817.7,0.0345068,1
805,799,2001.91,3.71895857,1
805,803,417.99,6.111069516,1
805,804,2706.61615,3.785378488,1
805,807,1319.152036,4.037747037,1
806,260,932.79,0.0345068,1
806,710,2707.135229,4.360641668,1
806,804,1011.583145,3.959328899,1
806,807,287.99,5.979937901,1
806,808,1043.75,3.866433756,1
807,261,813.63,0.0345068,1
807,711,1574.212036,3.375054387,1
807,803,307.72,5.938040155,1
807,805,983.22,3.962965779,1
807,806,519.1601617,5.983550932,1
808,262,757.19,0.0345068,1
808,584,601.924709,14.24293382,1
808,768,3161.410335,3.838297433,1
808,800,0,12.62912,1
808,804,845.69,3.560288697,1
808,806,946.9341227,3.825377015,1
809,263,360.57,0.0345068,1
809,697,2233.500516,4.447021402,1
809,810,400.06,4.30314241,1
809,811,412.95,4.070001081,1
809,814,1352.919484,3.874875765,1
810,264,252.88,0.0345068,1
810,698,243.14,4.784859008,1
810,809,679.36,4.420357724,1
810,812,94.94,4.129585126,1
810,866,352.62,6.673450504,1
811,265,133.04,0.0345068,1
811,809,804.37,4.075909679,1
811,812,384.32,3.955001688,1
811,816,387.1,3.934694025,1
811,817,405.71,3.987624229,1
812,266,117.58,0.0345068,1
812,810,165.28,4.129587791,1
812,811,476.9,3.955442732,1
812,818,191.46,4.014584604,1
812,866,403.47,6.677084198,1
813,267,1845.39,0.0345068,1
813,472,1431.91,1.475670212,1
813,473,1686.630279,3.217751372,1
813,701,1834.224319,5.01731569,1
813,814,1201.899715,3.883127728,1
814,268,906.64,0.0345068,1
814,702,1331.286484,4.681431795,1
814,809,1180.97,3.854857136,1
814,813,2172.53,3.891914364,1
814,816,459.97,4.068027363,1
815,269,1216.65,0.0345068,1
815,471,287.68,3.969736305,1
815,472,3135.481597,2.675196765,1
815,638,1090.501495,5.971532267,1
815,821,957.6,3.708781413,1
816,270,714.89,0.0345068,1
816,471,2080.7,0.657452188,1
816,811,301.71,3.934594064,1
816,814,910,4.07774985,1
816,822,763.36,4.022230863,1
817,271,351.21,0.0345068,1
817,470,688.39,0.789448094,1
817,811,795.3,3.993166795,1
817,818,365.43,4.23498664,1
817,819,415.34,3.62966441,1
818,272,581.38,0.0345068,1
818,812,266.83,4.014720467,1
818,817,424.57,4.235047018,1
818,820,25.42,4.372346053,1
818,869,44.33,6.507635524,1
819,273,1218.88,0.0345068,1
819,469,1550.81,0.370034629,1
819,817,986.44,3.632882071,1
819,820,426.59,3.633253914,1
819,829,1132.69,3.919078865,1
820,274,64.88,0.0345068,1
820,818,77.43,4.372350537,1
820,819,476.32,3.635168638,1
820,830,57.55,4.872149451,1
820,869,444.67,5.844191631,1
821,275,1063.45,0.0345068,1
821,815,2385.36,4.1422933,1
821,822,420.06,4.070737759,1
821,823,1134.36,3.850738793,1
821,826,340.76,4.507575695,1
822,276,317.03,0.0345068,1
822,470,254.09,3.489939181,1
822,816,1700.15,4.142270802,1
822,821,432.03,4.070874902,1
822,824,625.1,4.075238938,1
823,277,1110.35,0.0345068,1
823,821,2226.4,3.900819829,1
823,824,995.45,4.103583467,1
823,828,1057.65,3.966018265,1
823,833,1222.97,4.244171547,1
824,278,998.48,0.0345068,1
824,469,476.68,4.152029405,1
824,822,1360.25,4.196362629,1
824,823,1049.71,4.112183609,1
824,834,1249.48,5.132303575,1
825,279,584.34,0.0345068,1
825,638,1475.913582,6.335061119,1
825,649,1213.57,4.3897092,1
825,826,486.49,3.796638479,1
825,827,233.52,4.473964736,1
826,280,258.9,0.0345068,1
826,638,1160.908505,5.178352832,1
826,821,392.65,4.507749099,1
826,825,452.7038242,3.796155025,1
826,828,552.75,4.067888121,1
827,281,165.08,0.0345068,1
827,651,579.16,4.174559318,1
827,825,492.9461758,4.510552583,1
827,828,570.32,4.111179079,1
827,837,347.59,3.954921244,1
828,282,73.88,0.0345068,1
828,823,1179.92,3.970903126,1
828,826,978.4723288,4.09829803,1
828,827,304.86,4.107544707,1
828,838,383.64,3.933631231,1
829,283,1505.13,0.0345068,1
829,457,530.33,3.815332477,1
829,468,283.62,1.396676647,1
829,819,1665.06,3.961472715,1
829,834,1173.48,5.427597357,1
830,284,339.98,0.0345068,1
830,468,443.15,2.910685665,1
830,820,96.31,4.873005222,1
830,832,54.47,4.224766833,1
830,872,30.49,6.13991601,1
831,285,827.09,0.0345068,1
831,457,1163.098505,0.944926781,1
831,836,659.02,3.903704632,1
831,845,324.22,6.160554005,1
832,286,202.57,0.0345068,1
832,459,322.15,1.321077035,1
832,830,76.87,4.225024414,1
832,872,71.87,6.465986373,1
833,287,3088.23,0.0345068,1
833,455,949.12,2.789874662,1
833,823,1806.48,4.308200765,1
833,834,1204.72,5.007653112,1
833,838,460.01,4.633917689,1
834,288,5003.67,0.0345068,1
834,456,1999.19,2.094026436,1
834,824,1851.35,5.133369991,1
834,829,1073.98,5.427454908,1
834,833,1089.33,5.007610973,1
835,289,1098.44,0.0345068,1
835,455,770.5225215,2.899236741,1
835,836,438.47,3.847135957,1
835,840,275.2374785,3.967370486,1
835,846,84.52,7.135164524,1
836,290,1482.02,0.0345068,1
836,456,680.21,2.455471373,1
836,831,485.05,3.830139999,1
836,835,339.65,3.847125745,1
836,846,102.47,6.516780684,1
837,291,448.42,0.0345068,1
837,827,835.2661758,3.961883315,1
837,838,669.59,3.903756851,1
837,839,55.56,5.059659781,1
837,842,827.82,3.747917995,1
838,292,485.37,0.0345068,1
838,454,422.89,2.009592307,1
838,828,539.3023288,4.481878517,1
838,833,647.7,4.639465607,1
838,837,685.4861758,3.903895674,1
839,293,370.47,0.0345068,1
839,837,99.63,5.059661469,1
839,840,639.3,4.023252977,1
839,844,669.48,4.090732743,1
839,847,58.5,6.559982701,1
840,294,505.41,0.0345068,1
840,454,1063.327479,2.503924567,1
840,835,481.1712683,3.96755469,1
840,839,456.44,4.018732577,1
840,847,126.86,6.583963565,1
841,295,670.63,0.0345068,1
841,453,770.3,2.76036708,1
841,663,745.25,4.283307086,1
841,842,1036.340801,4.021616702,1
841,843,292.57,4.370851675,1
842,296,780.31,0.0345068,1
842,651,900.94,4.645143438,1
842,837,887.92,3.753060917,1
842,841,1153.42,4.024019754,1
842,844,466.94,4.022613323,1
843,297,640.72,0.0345068,1
843,665,1142.641102,3.906730049,1
843,841,309.0308012,4.388842817,1
843,844,420.9491988,4.374687123,1
843,848,44.96,6.633000247,1
844,298,473.65,0.0345068,1
844,839,588.22,4.08123303,1
844,842,633.8491988,4.035772395,1
844,843,524.9587267,4.375037717,1
844,848,196.3212733,6.190328909,1
845,299,813.24,0.0345068,1
845,459,36.47,7.865523328,1
845,467,309.8014954,2.178252328,1
845,831,467.8979348,6.193579827,1
845,846,60.99,8.092005618,1
845,875,220.23,7.379263104,1
846,300,223.02,0.0345068,1
846,835,187.66,7.135409754,1
846,836,251.66,6.516875651,1
846,845,80.1,8.092006442,1
846,847,73.59,7.911572625,1
846,856,84.35,7.756804479,1
847,301,268.43,0.0345068,1
847,839,113.36,6.559991877,1
847,840,304.76,6.584169204,1
847,846,72.5,7.911572612,1
847,848,159.06,7.859133571,1
847,857,55.92,8.521851281,1
848,302,104.4,0.0345068,1
848,447,341.0388977,5.742578308,1
848,843,102.8223756,6.633006759,1
848,844,355.98,6.19041631,1
848,847,96.69,7.85913256,1
848,858,115.57,7.476935595,1
849,303,1473.51,0.0345068,1
849,447,772.9937344,1.956865198,1
849,664,839.832154,6.058799899,1
849,665,322.4141116,6.673568419,1
849,851,95.68127332,7.312108802,1
849,853,212.68,6.630610675,1
849,859,57.8,7.589476813,1
850,304,333.09,0.0345068,1
850,668,1541.43,3.967489899,1
850,851,267.07,4.91473041,1
850,852,123.18,3.782269645,1
850,854,417.14,3.487336184,1
851,305,737.8,0.0345068,1
851,669,1061.06,4.738181536,1
851,849,131.31,7.312123072,1
851,850,431.59,4.914872474,1
851,853,124.81,4.224735551,1
852,306,89.16,0.0345068,1
852,850,290.66,3.782366986,1
852,853,205.59,3.609618453,1
852,854,280,4.019140214,1
852,860,102.7,6.259043141,1
853,307,147.41,0.0345068,1
853,849,458,6.631649815,1
853,851,313.53,4.225882751,1
853,852,224.89,3.609643691,1
853,860,162.29,5.95308057,1
854,308,125.16,0.0345068,1
854,670,43.14,10.5467781,1
854,850,706.92,3.490184573,1
854,852,161.22,3.968588343,1
854,861,2.64,9.259360001,1
854,905,537.82,8.631984375,1
854,907,272.32,6.137417618,1
855,309,797.91,0.0345068,1
855,466,182.63,1.754136046,1
855,467,569.98,6.034075926,1
855,856,168.45,7.641919096,1
855,878,190.08,8.226732452,1
856,310,32.36,0.0345068,1
856,846,171.26,7.756984876,1
856,855,160.34,7.64191847,1
856,857,119.21,7.85923485,1
856,863,97.84,7.306887274,1
857,311,41.71,0.0345068,1
857,847,100.87,8.521852058,1
857,856,66.85,7.859232282,1
857,858,143.77,7.696799102,1
857,885,78.5,7.638987881,1
858,312,341.75,0.0345068,1
858,446,457.87,2.466755844,1
858,848,207.78,7.476958224,1
858,857,61.02,7.696793392,1
858,886,103.52,7.926942611,1
859,313,121.49,0.0345068,1
859,446,83.63,5.399787607,1
859,849,229.6,7.589480153,1
859,860,68.03,8.399360103,1
859,887,16,9.468824,1
860,314,330.08,0.0345068,1
860,852,246.36,6.259246769,1
860,853,423.27,5.953776376,1
860,859,62.34,8.399360072,1
860,861,112.04,4.836484038,1
860,888,46.18,8.580323238,1
861,315,33.66,0.0345068,1
861,854,11.97,9.259360445,1
861,860,160.4,4.836493121,1
861,888,25.88,9.331410802,1
861,907,174.74,6.756550293,1
861,910,56.83,9.88005057,1
862,316,485.94,0.0345068,1
862,465,238.5,4.678984954,1
862,466,615.95,5.559067746,1
862,863,197.55,8.708728208,1
862,889,93.77,7.752818044,1
863,317,62.88,0.0345068,1
863,856,159.4,7.30692399,1
863,862,163.61,8.707703562,1
863,885,192.26,7.309848711,1
863,890,160.38,9.233817802,1
864,318,685.67,0.0345068,1
864,732,181.98,8.188885102,1
864,865,852.65,6.96685472,1
864,867,134.5,8.851692687,1
864,913,0,24.005964,1
865,319,618.31,0.0345068,1
865,733,1021.28,7.186168977,1
865,864,444.27,6.965647648,1
865,866,681.91,7.487117347,1
865,868,131.32,12.57553517,1
866,320,2478.31,0.0345068,1
866,736,1653.57,6.898142235,1
866,737,1884.27,6.176314545,1
866,810,579.86,6.67588273,1
866,812,472.28,6.699648946,1
866,865,466.31,7.309219499,1
866,868,320.21,10.69936071,1
866,869,524.84,8.474265943,1
867,321,219.78,0.0345068,1
867,864,219.71,8.852203668,1
867,868,357.37,7.622548886,1
867,870,72.88,7.104296543,1
868,322,417.81,0.0345068,1
868,865,179.8,12.59764358,1
868,866,611.09,10.73897792,1
868,867,203.23,7.622441001,1
868,869,164.46,7.259280145,1
868,871,156.94,8.539006912,1
869,323,54.07,0.0345068,1
869,818,128.88,6.507686545,1
869,820,374.43,5.840931088,1
869,866,835.61,8.487275975,1
869,868,106.79,7.259240559,1
869,872,245.39,8.194401634,1
870,324,82.38,0.0345068,1
870,867,140.2,7.104369446,1
870,871,135.74,8.014253233,1
871,325,46.93,0.0345068,1
871,868,253.68,8.539119435,1
871,870,83.03,8.014252861,1
871,872,89.38,7.176797352,1
871,874,251.68,8.106813655,1
872,326,50.32,0.0345068,1
872,460,235.76,6.052221297,1
872,830,101.71,6.139917181,1
872,832,70.87,6.465986288,1
872,869,416.48,8.195210446,1
872,871,40.8,7.17679338,1
873,327,28.83,0.0345068,1
873,462,33.58,3.58044333,1
873,874,28.1,7.931800045,1
874,328,819.67,0.0345068,1
874,461,443.3794501,2.447993015,1
874,871,286.94,8.106897266,1
874,873,15.46,7.931800004,1
874,875,146.0205499,7.042430214,1
875,329,499.18,0.0345068,1
875,460,864.1105499,2.255219254,1
875,845,175.09,7.379244427,1
875,874,248.14,7.042443528,1
875,878,237.44,8.403462792,1
876,330,649.54,0.0345068,1
876,462,139.44,4.459658726,1
876,877,129.92,7.942327086,1
876,879,20.26,8.366452205,1
877,331,1031.31,0.0345068,1
877,461,896.97,6.063092226,1
877,876,437.61,7.950639792,1
877,878,275.34,7.856422166,1
877,880,72.22,8.019361987,1
878,332,586.03,0.0345068,1
878,855,161.5,8.226713272,1
878,875,518.88,8.488401973,1
878,877,351.8,7.867360519,1
878,881,205.43,8.188992773,1
879,333,31.76,0.0345068,1
879,876,80.64,8.366503505,1
879,880,26.11,8.014261478,1
879,882,11.04,8.106680018,1
880,334,73.46,0.0345068,1
880,877,332.95,8.02025748,1
880,879,18.26,8.014254876,1
880,881,44.08,8.034862113,1
880,883,34.32,7.244254259,1
881,335,448.82,0.0345068,1
881,465,520.07,2.54190895,1
881,878,227.52,8.188995383,1
881,880,137.76,8.034872787,1
881,884,102.53,7.334050251,1
882,336,26.39,0.0345068,1
882,879,29.82,8.106680933,1
882,883,27.43,7.931851854,1
883,337,37.6,0.0345068,1
883,464,70.16,4.03152249,1
883,880,90.86,7.244324464,1
883,882,15.35,7.931851264,1
884,338,143.54,0.0345068,1
884,464,61.85,3.314466436,1
884,881,259.06,7.334107936,1
884,889,22.05,8.096793255,1
885,339,51.13,0.0345068,1
885,445,95.31,6.559536447,1
885,857,89.8,7.63898808,1
885,863,142.08,7.293625366,1
885,892,226.41,8.629775784,1
886,340,282.26,0.0345068,1
886,445,640.76,1.142249053,1
886,858,150.18,7.926943336,1
886,887,90.64,7.070468018,1
886,892,627.3,7.184797742,1
887,341,30.77,0.0345068,1
887,859,107.57,9.468824723,1
887,886,258.07,7.142174426,1
887,888,68.29,8.153807484,1
887,893,52.32659921,7.101974811,1
888,342,137.61,0.0345068,1
888,860,227.98,8.580345693,1
888,861,81.57,9.331411035,1
888,887,106.0565992,8.153831977,1
888,894,36.37340079,7.171853022,1
888,910,72.29,7.760075123,1
889,343,75.4,0.0345068,1
889,862,175.69,7.768576264,1
889,884,22.24,8.096793257,1
889,895,62.49,8.876460774,1
890,344,51.09,0.0345068,1
890,863,119.21,9.233810158,1
890,891,244.77,7.774621745,1
890,896,10.16,8.535730801,1
891,345,233.34,0.0345068,1
891,890,106.4,7.770717369,1
891,896,39.66,9.165806268,1
891,897,886.07,5.920468901,1
891,899,60.56,7.420041686,1
892,346,2215.79,0.0345068,1
892,885,154.68,8.58883438,1
892,886,564.35,7.130319597,1
892,897,1663.01,11.0362107,1
893,347,149.59,0.0345068,1
893,887,214.07,7.136476314,1
893,894,225.63,8.083992405,1
893,898,279.22,7.730273045,1
893,901,32.61,11.76133489,1
894,348,137.13,0.0345068,1
894,888,158.66,7.172510861,1
894,893,213.1634008,8.083953766,1
894,910,255.88,11.0931679,1
895,349,66.26,0.0345068,1
895,889,85.28,8.877236818,1
895,896,101.33,7.763646218,1
896,350,79.35,0.0345068,1
896,890,14.94,8.535730804,1
896,891,229.78,9.225098549,1
896,895,43.18,7.761808659,1
896,899,29.66,9.538896343,1
897,351,3432.89,0.0345068,1
897,443,527.15,1.581319509,1
897,891,225.34,5.818072118,1
897,892,1394.07,8.097642642,1
897,899,55.01,6.818998251,1
898,352,382.59,0.0345068,1
898,442,132.6,6.744852974,1
898,443,817.38,8.396601947,1
898,893,208.78,7.729980038,1
898,900,96.79,5.787148563,1
899,353,130.69,0.0345068,1
899,442,108.41,2.842697581,1
899,891,67.05,7.420048968,1
899,896,25.65,9.538888789,1
899,897,238.79,6.870354681,1
900,354,92.06,0.0345068,1
900,898,319.23,5.788857174,1
900,901,53.51,8.153516849,1
901,355,86.12,0.0345068,1
901,893,90.63,11.76314664,1
901,900,123.54,8.157772413,1
902,356,17118.24,0.0345068,1
902,513,2041.727484,3.777966588,1
902,541,2013.12,8.676711914,1
902,542,3397.53,4.303568202,1
902,660,4358.81,6.976422467,1
902,661,1847.982516,8.192495011,1
902,670,567.92,13.22372708,1
903,357,9556.23,0.0345068,1
903,514,1939.42,2.780890008,1
903,516,1962.74,9.263940239,1
903,542,6716.516767,6.462717238,1
903,543,892.2732333,1.437160231,1
903,544,1290.11,5.524890696,1
904,358,3134.09,0.0345068,1
904,544,2899.38,3.405901955,1
904,906,1212.97,8.375598037,1
905,359,3846.22,0.0345068,1
905,513,2735.48,9.866367991,1
905,514,1049.97,11.56404237,1
905,670,716.91,10.58513944,1
905,854,251.29,8.532426383,1
905,906,1192.18,10.0261013,1
905,907,459.18,7.327637753,1
906,360,5174.67,0.0345068,1
906,516,2231.35,1.669440464,1
906,904,1144.04,8.374253108,1
906,905,901.69,10.00173939,1
906,908,802.73,7.873293207,1
906,909,55,11.73275231,1
906,931,104,15.69032172,1
907,361,434.76,0.0345068,1
907,854,533.54,6.137868372,1
907,861,76.07,6.756375318,1
907,905,971.66,7.329080892,1
907,908,740.78,7.988926579,1
907,910,94.71,11.41645222,1
908,362,2077.72,0.0345068,1
908,517,682.7,2.617826315,1
908,906,1567.69,7.91619281,1
908,907,674.61,7.987575516,1
908,911,221.91,11.77718114,1
908,912,0,12.6402356,1
909,363,197.42,0.0345068,1
909,517,342.12,4.562764946,1
909,906,210.3,11.73341451,1
909,912,5.1,10.095164,1
910,364,217,0.0345068,1
910,861,105.2,9.880082475,1
910,888,79.17,7.760075966,1
910,894,129.3,10.99093081,1
910,907,319.2,11.4168897,1
910,911,460.36,7.218137901,1
911,365,582.86,0.0345068,1
911,518,261.09,5.405117232,1
911,908,577.69,11.78195881,1
911,910,318.35,7.218048813,1
912,366,74.07,0.0345068,1
912,518,181.01,1.72664736,1
912,908,0,12.6402356,1
912,909,6.49,10.095164,1
913,367,1397.63,0.0345068,1
913,417,1258.1,3.583724103,1
913,708,154.87,20.70932135,1
913,714,224.67,14.06543466,1
913,720,490.33,9.561167752,1
913,726,370.8,9.681421499,1
913,801,90.13,25.75592964,1
913,864,0,24.005964,1
914,368,1800.02,0.0345068,1
914,389,324.74,4.09224511,1
914,780,158.03,13.98221905,1
914,785,171.12,9.549948823,1
914,793,577.09,9.00149017,1
914,915,14.63,22.4755984,1
915,369,127.48,0.0345068,1
915,914,112.48,22.48399374,1
915,916,197.19,8.10268899,1
916,370,223.56,0.0345068,1
916,780,382.69,8.586517091,1
916,915,112.85,8.077291642,1
916,917,341.61,7.88740655,1
917,371,232.21,0.0345068,1
917,781,245.52,7.692815595,1
917,782,499.4913195,8.516713029,1
917,916,133.71,7.872166303,1
917,918,123.0586805,8.388492069,1
918,372,228.82,0.0345068,1
918,782,103.25,9.758267565,1
918,783,278.41,10.39298233,1
918,917,94.53,8.385571963,1
918,919,240.4586805,8.129901565,1
919,373,580.45,0.0345068,1
919,783,584.09,9.284480777,1
919,784,390.3,7.581464157,1
919,918,118.35,8.129165864,1
919,920,655.0586805,7.111705932,1
919,924,148,10.52228023,1
920,374,554.02,0.0345068,1
920,738,260.85,8.47375076,1
920,740,576.01,7.791763091,1
920,919,434.23,7.109812975,1
920,921,906.8786805,7.522226328,1
921,375,505.09,0.0345068,1
921,418,1415.172038,4.098662013,1
921,739,370.62,6.025087398,1
921,743,476.8886805,9.208751966,1
921,920,283.38,7.380496673,1
922,376,3383.12,0.0345068,1
922,418,2302.335662,6.196623789,1
922,743,1086.517404,11.99960705,1
922,744,2172.436934,10.55891779,1
923,377,1517,0.0345068,1
923,418,1661,9.412072617,1
924,378,148,0.0345068,1
924,919,189,10.52349604,1
925,379,1413,0.0345068,1
925,390,1280,7.231003229,1
926,380,371,0.0345068,1
926,417,484,6.551151425,1
927,381,1569,0.0345068,1
927,462,1903,8.191061117,1
928,382,1728,0.0345068,1
928,463,1555,16.71943678,1
929,383,653,0.0345068,1
929,442,724,7.627005017,1
930,384,0,0.0345068,1
930,518,0,10.854232,1
931,385,104,0.0345068,1
931,906,157,15.70772384,1
932,386,25,0.0345068,1
932,515,22,6.347704,1
933,387,5468,0.0345068,1
933,534,5837,13.11981322,1
